BASE_NPI,N_CLAIMS,DISTINCT_ORGS,DISTINCT_ADDRS,MOST_RECENT_DOS,DAYS_SINCE,ADDR_EXACT_MATCH,ZIP_MATCH,STREET_ZIP_MATCH,RECENT_ZIP_MATCH,RECENT_STREET_ZIP_MATCH
1366437477.0,0,0,0,,,0,0,0,0,0
1487704672.0,0,0,0,,,0,0,0,0,0
1043832595.0,0,0,0,,,0,0,0,0,0
1407258981.0,0,0,0,,,0,0,0,0,0
1750328084.0,8,2,2,2026-03-04,52.0,0,0,0,0,0
1316938277.0,0,0,0,,,0,0,0,0,0
1033598370.0,0,0,0,,,0,0,0,0,0
1184353302.0,0,0,0,,,0,0,0,0,0
1174119341.0,0,0,0,,,0,0,0,0,0
1568240547.0,8,1,1,2026-03-09,47.0,0,0,0,0,0
1386218956.0,138,1,1,2026-04-08,17.0,0,1,1,1,1
1912489725.0,0,0,0,,,0,0,0,0,0
1821558743.0,1,1,1,2026-03-13,43.0,1,1,1,1,1
1033666441.0,0,0,0,,,0,0,0,0,0
1669655122.0,3,1,1,2026-01-12,103.0,0,0,0,0,0
1023464427.0,0,0,0,,,0,0,0,0,0
1043260342.0,0,0,0,,,0,0,0,0,0
1811904998.0,0,0,0,,,0,0,0,0,0
1114431574.0,63,1,1,2026-03-18,38.0,0,0,0,0,0
1699428557.0,2,1,1,2026-03-06,50.0,0,1,0,1,0
1043449069.0,0,0,0,,,0,0,0,0,0
1043784788.0,4,1,1,2026-02-03,81.0,0,0,0,0,0
1184904203.0,0,0,0,,,0,0,0,0,0
1619513520.0,14,1,1,2026-04-01,24.0,0,0,0,0,0
1588845101.0,0,0,0,,,0,0,0,0,0
1053361576.0,0,0,0,,,0,0,0,0,0
1164951745.0,0,0,0,,,0,0,0,0,0
1093970923.0,0,0,0,,,0,0,0,0,0
1366925372.0,0,0,0,,,0,0,0,0,0
1174826259.0,0,0,0,,,0,0,0,0,0
1245691567.0,0,0,0,,,0,0,0,0,0
1912454422.0,0,0,0,,,0,0,0,0,0
1265004501.0,2,1,1,2026-02-27,57.0,0,0,0,0,0
1942858006.0,0,0,0,,,0,0,0,0,0
1740273044.0,69,2,2,2026-03-30,26.0,0,0,0,0,0
1194479212.0,202,1,1,2026-04-08,17.0,0,0,0,0,0
1598272973.0,0,0,0,,,0,0,0,0,0
1528219748.0,41,1,1,2026-04-06,19.0,0,1,1,1,1
1326794710.0,0,0,0,,,0,0,0,0,0
1982015475.0,277,1,1,2026-04-08,17.0,1,1,1,1,1
1245794379.0,14,1,1,2026-03-12,44.0,0,0,0,0,0
1336753870.0,8,1,1,2026-03-20,36.0,0,0,0,0,0
1285996694.0,0,0,0,,,0,0,0,0,0
1023602372.0,0,0,0,,,0,0,0,0,0
1265729719.0,30,1,1,2026-04-01,24.0,0,0,0,0,0
1649853938.0,2,1,1,2026-01-08,107.0,0,0,0,0,0
1316575319.0,1,1,1,2026-02-27,57.0,0,0,0,0,0
1255071130.0,0,0,0,,,0,0,0,0,0
1275843609.0,0,0,0,,,0,0,0,0,0
1336585041.0,4,1,1,2026-03-26,30.0,0,0,0,0,0
1043481922.0,449,1,1,2026-03-19,37.0,0,0,0,0,0
1083052252.0,0,0,0,,,0,0,0,0,0
1487909438.0,0,0,0,,,0,0,0,0,0
1316478910.0,0,0,0,,,0,0,0,0,0
1184668626.0,56,1,1,2026-01-09,106.0,0,0,0,0,0
1902232879.0,3,1,1,2026-02-12,72.0,0,0,0,0,0
1659157345.0,1,1,1,2026-02-14,70.0,0,0,0,0,0
1831101799.0,1,1,1,2026-03-04,52.0,0,1,0,1,0
1336885128.0,109,2,2,2026-03-18,38.0,0,0,0,0,0
1467613836.0,125,1,1,2026-04-09,16.0,1,1,1,1,1
1780025239.0,0,0,0,,,0,0,0,0,0
1053801191.0,4,1,1,2026-03-31,25.0,1,1,1,1,1
1225096514.0,0,0,0,,,0,0,0,0,0
1922068063.0,0,0,0,,,0,0,0,0,0
1003523515.0,0,0,0,,,0,0,0,0,0
1295122281.0,0,0,0,,,0,0,0,0,0
1053662379.0,0,0,0,,,0,0,0,0,0
1841751997.0,176,3,2,2026-03-27,29.0,0,0,0,0,0
1053946947.0,0,0,0,,,0,0,0,0,0
1356522148.0,11,1,1,2026-04-07,18.0,0,0,0,0,0
1285947473.0,0,0,0,,,0,0,0,0,0
1912425653.0,0,0,0,,,0,0,0,0,0
1013901610.0,3,1,1,2026-03-04,52.0,0,0,0,0,0
1366963761.0,0,0,0,,,0,0,0,0,0
1023141322.0,216,1,1,2026-04-03,22.0,0,0,0,0,0
1811260474.0,0,0,0,,,0,0,0,0,0
1487983169.0,1407,1,1,2026-04-10,15.0,0,0,0,0,0
1134495831.0,4,1,1,2026-04-02,23.0,0,1,0,1,0
1033578919.0,0,0,0,,,0,0,0,0,0
1588952535.0,0,0,0,,,0,0,0,0,0
1114600764.0,0,0,0,,,0,0,0,0,0
1306579453.0,77,1,1,2026-03-18,38.0,0,0,0,0,0
1083440275.0,2,1,1,2026-01-29,86.0,1,1,1,1,1
1922458538.0,4,1,1,2026-02-24,60.0,0,0,0,0,0
1972057511.0,10,1,1,2026-02-17,67.0,0,0,0,0,0
1548321037.0,0,0,0,,,0,0,0,0,0
1033648811.0,0,0,0,,,0,0,0,0,0
1033672522.0,0,0,0,,,0,0,0,0,0
1841768439.0,0,0,0,,,0,0,0,0,0
1740154384.0,0,0,0,,,0,0,0,0,0
1053674135.0,0,0,0,,,0,0,0,0,0
1972127645.0,1133,1,1,2026-03-19,37.0,0,1,1,1,1
1043637044.0,0,0,0,,,0,0,0,0,0
1023058583.0,0,0,0,,,0,0,0,0,0
1952858920.0,0,0,0,,,0,0,0,0,0
1073185898.0,0,0,0,,,0,0,0,0,0
1023292307.0,0,0,0,,,0,0,0,0,0
1457813248.0,55,1,1,2026-04-06,19.0,0,0,0,0,0
1184453193.0,0,0,0,,,0,0,0,0,0
1811858509.0,1,1,1,2026-03-17,39.0,0,0,0,0,0
1346065331.0,0,0,0,,,0,0,0,0,0
1609359876.0,14,1,1,2026-04-02,23.0,0,0,0,0,0
1073908091.0,0,0,0,,,0,0,0,0,0
1043897317.0,0,0,0,,,0,0,0,0,0
1023507712.0,0,0,0,,,0,0,0,0,0
1235571001.0,2166,2,2,2026-03-31,25.0,0,0,0,0,0
1851648729.0,0,0,0,,,0,0,0,0,0
1184226557.0,0,0,0,,,0,0,0,0,0
1023117801.0,0,0,0,,,0,0,0,0,0
1356750251.0,346,1,1,2026-04-07,18.0,0,0,0,0,0
1033497896.0,0,0,0,,,0,0,0,0,0
1336028745.0,1,1,1,2026-03-26,30.0,1,1,1,1,1
1760458921.0,0,0,0,,,0,0,0,0,0
1043950470.0,0,0,0,,,0,0,0,0,0
1659609121.0,0,0,0,,,0,0,0,0,0
1275182156.0,0,0,0,,,0,0,0,0,0
1376819789.0,0,0,0,,,0,0,0,0,0
1851372304.0,9,1,1,2026-03-20,36.0,0,0,0,0,0
1760662993.0,0,0,0,,,0,0,0,0,0
1649555152.0,0,0,0,,,0,0,0,0,0
1336162130.0,0,0,0,,,0,0,0,0,0
1023094687.0,0,0,0,,,0,0,0,0,0
1346539111.0,0,0,0,,,0,0,0,0,0
1609276302.0,1,1,1,2026-02-20,64.0,0,0,0,0,0
1386216364.0,0,0,0,,,0,0,0,0,0
1457489650.0,1,1,1,2026-01-03,112.0,1,1,1,1,1
1942590591.0,51,1,1,2026-04-01,24.0,0,1,1,1,1
1841686409.0,6,1,1,2026-03-04,52.0,0,0,0,0,0
1184142952.0,0,0,0,,,0,0,0,0,0
1033245626.0,0,0,0,,,0,0,0,0,0
1043393317.0,0,0,0,,,0,0,0,0,0
1215016092.0,37,1,1,2026-04-06,19.0,0,0,0,0,0
1871118851.0,10,1,1,2026-03-04,52.0,0,0,0,0,0
1932548039.0,0,0,0,,,0,0,0,0,0
1528601036.0,8,1,1,2026-03-17,39.0,0,0,0,0,0
1699877340.0,0,0,0,,,0,0,0,0,0
1073019337.0,0,0,0,,,0,0,0,0,0
1952176455.0,8,1,1,2026-03-19,37.0,1,1,1,1,1
1043305774.0,571,28,27,2026-04-01,24.0,0,0,0,0,0
1558052951.0,1339,17,16,2026-04-09,16.0,1,1,1,1,1
1194790535.0,200,8,8,2026-04-06,19.0,0,1,0,1,0
1851378970.0,71,11,11,2026-04-02,23.0,0,0,0,0,0
1346419348.0,722,8,8,2026-04-02,23.0,0,1,1,1,1
1851356828.0,440,22,22,2026-04-08,17.0,0,0,0,0,0
1609255116.0,109,12,12,2026-04-08,17.0,0,0,0,0,0
1790738193.0,153,9,9,2026-04-03,22.0,1,1,1,1,1
1689842569.0,1439,16,15,2026-04-10,15.0,0,0,0,0,0
1841453032.0,1487,41,39,2026-04-07,18.0,0,1,0,1,0
1982284824.0,201,6,6,2026-04-03,22.0,0,0,0,0,0
1871158923.0,17,3,3,2026-03-20,36.0,0,0,0,0,0
1023043189.0,1832,15,15,2026-04-03,22.0,0,1,1,1,1
1174590590.0,6,4,4,2026-03-11,45.0,0,0,0,0,0
1396784518.0,929,29,28,2026-04-10,15.0,0,0,0,0,0
1083779185.0,300,12,11,2026-04-02,23.0,0,0,0,0,0
1902987688.0,108,13,13,2026-04-01,24.0,0,0,0,0,0
1932594132.0,825,19,18,2026-04-08,17.0,0,1,1,1,1
1457738460.0,558,10,10,2026-04-03,22.0,0,1,0,1,0
1295255396.0,58,13,13,2026-03-22,34.0,1,1,1,1,1
1891825063.0,1888,7,4,2026-04-09,16.0,0,0,0,0,0
1902396823.0,1050,15,15,2026-04-07,18.0,1,1,1,1,1
1538574850.0,141,9,9,2026-03-31,25.0,0,1,0,1,0
1851771471.0,719,15,15,2026-04-09,16.0,0,1,0,1,0
1629175914.0,40,7,7,2026-04-02,23.0,0,1,0,1,0
1265461115.0,377,4,3,2026-03-30,26.0,0,0,0,0,0
1245574532.0,264,3,3,2026-04-07,18.0,0,1,0,1,0
1881894715.0,7526,28,28,2026-04-09,16.0,1,1,1,1,1
1669019907.0,301,19,19,2026-04-09,16.0,0,0,0,0,0
1174562664.0,48,13,13,2026-04-09,16.0,0,0,0,0,0
1508830647.0,1044,12,11,2026-04-10,15.0,0,1,1,1,1
1225455850.0,1619,22,21,2026-04-10,15.0,1,1,1,1,1
1629019229.0,106,13,13,2026-04-07,18.0,1,1,1,1,1
1346339140.0,1152,8,8,2026-04-03,22.0,0,1,1,1,1
1851311989.0,104,6,6,2026-04-08,17.0,0,0,0,0,0
1750021903.0,9,2,2,2026-03-18,38.0,0,0,0,0,0
1689813743.0,475,9,8,2026-04-01,24.0,0,0,0,0,0
1770044950.0,18,5,5,2026-03-31,25.0,0,0,0,0,0
1063576197.0,4,3,3,2026-03-06,50.0,0,1,0,1,0
1477748648.0,34,7,7,2026-04-10,15.0,0,1,0,1,0
1417471103.0,4,4,4,2026-02-28,56.0,0,0,0,0,0
1801195565.0,13,3,3,2026-03-02,54.0,1,1,1,1,1
1578589784.0,6,4,4,2026-03-11,45.0,1,1,1,1,1
1205425204.0,1026,4,4,2026-03-31,25.0,0,1,0,1,0
1306806435.0,158,4,4,2026-04-03,22.0,1,1,1,1,1
1992142236.0,84,5,5,2026-04-02,23.0,0,1,0,1,0
1356637763.0,21,5,5,2026-03-25,31.0,0,1,0,1,0
1063647071.0,71,16,16,2026-04-10,15.0,0,0,0,0,0
1265038483.0,1065,14,14,2026-04-04,21.0,1,1,1,1,1
1437818788.0,68,5,5,2026-04-02,23.0,0,1,0,1,0
1902289606.0,5863,2,2,2026-03-30,26.0,0,1,1,1,1
1184006124.0,766,17,16,2026-04-08,17.0,1,1,1,1,1
1053337618.0,600,12,10,2026-03-30,26.0,0,1,0,1,0
1124134846.0,4,3,3,2026-02-16,68.0,0,0,0,0,0
1396207163.0,9,5,5,2026-03-25,31.0,0,0,0,0,0
1629160072.0,1407,6,6,2026-04-06,19.0,0,0,0,0,0
1831373851.0,216,2,2,2026-03-23,33.0,0,0,0,0,0
1548586084.0,212,11,11,2026-04-02,23.0,0,1,0,1,0
1710272588.0,243,3,3,2026-03-31,25.0,0,0,0,0,0
1356118632.0,455,5,5,2026-04-07,18.0,0,0,0,0,0
1245643774.0,33,6,6,2026-03-17,39.0,1,1,1,1,1
1316987175.0,35,6,6,2026-04-06,19.0,1,1,1,1,1
1083055347.0,66,6,6,2026-04-01,24.0,0,0,0,0,0
1649560764.0,45,6,6,2026-04-07,18.0,0,0,0,0,0
1518387885.0,444,6,6,2026-04-05,20.0,1,1,1,1,1
1689801318.0,512,6,6,2026-04-09,16.0,1,0,0,0,0
1821380023.0,16,4,4,2026-03-28,28.0,0,0,0,0,0
1265451470.0,289,4,4,2026-04-06,19.0,0,0,0,0,0
1184602682.0,58,8,8,2026-04-09,16.0,0,1,0,1,0
1417191917.0,702,4,4,2026-04-07,18.0,0,0,0,0,0
1447233762.0,707,3,3,2026-04-08,17.0,0,0,0,0,0
1841660412.0,588,6,6,2026-04-06,19.0,0,0,0,0,0
1104928878.0,19,2,2,2026-04-06,19.0,0,0,0,0,0
1700405792.0,17,2,2,2026-03-27,29.0,0,0,0,0,0
1194937110.0,25,6,6,2026-04-01,24.0,0,1,1,1,1
1770847683.0,7,3,3,2026-01-26,89.0,0,0,0,0,0
1548333610.0,19,6,6,2026-03-19,37.0,0,1,0,1,0
1144959073.0,24,4,4,2026-03-30,26.0,0,0,0,0,0
1063438828.0,96,5,5,2026-04-09,16.0,1,1,1,1,1
1184333700.0,100,8,8,2026-04-07,18.0,0,0,0,0,0
1598597965.0,3,2,2,2026-03-12,44.0,1,1,1,1,1
1922268523.0,1375,3,3,2026-04-08,17.0,0,0,0,0,0
1710324389.0,405,5,3,2026-04-09,16.0,0,0,0,0,0
1184863102.0,104,2,2,2026-04-04,21.0,0,0,0,0,0
1578985305.0,3,2,2,2026-02-17,67.0,0,0,0,0,0
1710994207.0,43,2,2,2026-04-07,18.0,0,0,0,0,0
1245816743.0,24,2,2,2026-03-30,26.0,0,0,0,0,0
1770891590.0,64,5,5,2026-04-08,17.0,0,1,0,1,0
1336489251.0,58,2,2,2026-03-31,25.0,0,0,0,0,0
1518972025.0,251,6,5,2026-04-01,24.0,0,0,0,0,0
1962889881.0,902,3,2,2026-04-08,17.0,0,0,0,0,0
1659723278.0,11,2,2,2026-03-23,33.0,0,1,0,1,0
1336206952.0,4,3,3,2026-03-02,54.0,0,0,0,0,0
1275531477.0,6,3,3,2026-03-28,28.0,0,0,0,0,0
1831620384.0,383,4,3,2026-03-30,26.0,0,0,0,0,0
1346680808.0,22,2,2,2026-03-31,25.0,0,0,0,0,0
1063099554.0,802,2,2,2026-04-09,16.0,0,0,0,0,0
1013034040.0,778,5,5,2026-04-06,19.0,0,0,0,0,0
1376379529.0,128,2,2,2026-04-08,17.0,0,0,0,0,0
1992856637.0,132,2,2,2026-04-05,20.0,0,0,0,0,0
1063118727.0,0,0,0,,,0,0,0,0,0
1033905070.0,86,1,1,2026-04-06,19.0,0,0,0,0,0
1558030619.0,0,0,0,,,0,0,0,0,0
1043292774.0,0,0,0,,,0,0,0,0,0
1043829799.0,0,0,0,,,0,0,0,0,0
1912753211.0,0,0,0,,,0,0,0,0,0
1891245478.0,4,1,1,2026-02-11,73.0,0,0,0,0,0
1114982188.0,0,0,0,,,0,0,0,0,0
1083829857.0,0,0,0,,,0,0,0,0,0
1265723530.0,1,1,1,2026-03-19,37.0,0,0,0,0,0
1437289071.0,0,0,0,,,0,0,0,0,0
1669201828.0,79,1,1,2026-04-03,22.0,1,1,1,1,1
1043710221.0,0,0,0,,,0,0,0,0,0
1730757535.0,4,1,1,2026-02-12,72.0,0,1,1,1,1
1144858838.0,0,0,0,,,0,0,0,0,0
1023242799.0,0,0,0,,,0,0,0,0,0
1396803227.0,698,1,1,2026-04-10,15.0,1,1,1,1,1
1700350774.0,0,0,0,,,0,0,0,0,0
1255563433.0,0,0,0,,,0,0,0,0,0
1457636987.0,0,0,0,,,0,0,0,0,0
1942010020.0,0,0,0,,,0,0,0,0,0
1487338927.0,7,1,1,2026-02-24,60.0,0,0,0,0,0
1043743255.0,0,0,0,,,0,0,0,0,0
1043622632.0,0,0,0,,,0,0,0,0,0
1992028088.0,0,0,0,,,0,0,0,0,0
1154459725.0,30,1,1,2026-02-27,57.0,0,0,0,0,0
1518405877.0,1,1,1,2026-04-07,18.0,0,0,0,0,0
1033556410.0,0,0,0,,,0,0,0,0,0
1679602783.0,0,0,0,,,0,0,0,0,0
1730157686.0,0,0,0,,,0,0,0,0,0
1124037957.0,5,1,1,2026-02-18,66.0,0,0,0,0,0
1053371203.0,0,0,0,,,0,0,0,0,0
1194573949.0,0,0,0,,,0,0,0,0,0
1992356083.0,30,2,2,2026-03-23,33.0,0,0,0,0,0
1447559893.0,0,0,0,,,0,0,0,0,0
1114689619.0,0,0,0,,,0,0,0,0,0
1003298464.0,0,0,0,,,0,0,0,0,0
1023540853.0,0,0,0,,,0,0,0,0,0
1861757395.0,0,0,0,,,0,0,0,0,0
1023467693.0,0,0,0,,,0,0,0,0,0
1497711790.0,1043,1,1,2026-03-31,25.0,0,0,0,0,0
1881163327.0,236,1,1,2026-04-08,17.0,0,0,0,0,0
1144191768.0,5,1,1,2026-02-21,63.0,0,1,0,1,0
1528753258.0,0,0,0,,,0,0,0,0,0
1750840294.0,8,1,1,2026-03-12,44.0,0,0,0,0,0
1609437235.0,0,0,0,,,0,0,0,0,0
1063635159.0,0,0,0,,,0,0,0,0,0
1023294790.0,0,0,0,,,0,0,0,0,0
1588904387.0,37,1,1,2026-04-03,22.0,0,0,0,0,0
1528635620.0,0,0,0,,,0,0,0,0,0
1689952426.0,0,0,0,,,0,0,0,0,0
1306869086.0,0,0,0,,,0,0,0,0,0
1669641403.0,869,1,1,2026-03-27,29.0,0,0,0,0,0
1174201321.0,160,1,1,2026-03-06,50.0,0,0,0,0,0
1073548541.0,0,0,0,,,0,0,0,0,0
1093177677.0,1,1,1,2026-01-16,99.0,0,1,0,1,0
1912141995.0,0,0,0,,,0,0,0,0,0
1013213479.0,3,1,1,2026-02-10,74.0,0,0,0,0,0
1346877354.0,0,0,0,,,0,0,0,0,0
1730171885.0,9,1,1,2026-03-09,47.0,0,0,0,0,0
1083981526.0,721,1,1,2026-03-13,43.0,0,1,1,1,1
1023581246.0,0,0,0,,,0,0,0,0,0
1225331754.0,0,0,0,,,0,0,0,0,0
1457463036.0,0,0,0,,,0,0,0,0,0
1629252465.0,0,0,0,,,0,0,0,0,0
1033504964.0,0,0,0,,,0,0,0,0,0
1013262393.0,1,1,1,2026-01-06,109.0,0,0,0,0,0
1053564617.0,0,0,0,,,0,0,0,0,0
1013690932.0,0,0,0,,,0,0,0,0,0
1346293628.0,0,0,0,,,0,0,0,0,0
1528806585.0,21,1,1,2026-03-11,45.0,0,0,0,0,0
1003212283.0,1,1,1,2026-02-10,74.0,0,0,0,0,0
1437177474.0,1,1,1,2026-02-10,74.0,0,0,0,0,0
1215337662.0,14,1,1,2026-03-12,44.0,0,0,0,0,0
1861760480.0,0,0,0,,,0,0,0,0,0
1659083194.0,0,0,0,,,0,0,0,0,0
1306422373.0,0,0,0,,,0,0,0,0,0
1255993358.0,0,0,0,,,0,0,0,0,0
1043191901.0,0,0,0,,,0,0,0,0,0
1841798733.0,47,1,1,2026-04-07,18.0,0,0,0,0,0
1972019230.0,0,0,0,,,0,0,0,0,0
1538549118.0,0,0,0,,,0,0,0,0,0
1831704469.0,0,0,0,,,0,0,0,0,0
1215103890.0,0,0,0,,,0,0,0,0,0
1134516222.0,64,1,1,2026-04-03,22.0,0,0,0,0,0
1114215258.0,8,1,1,2026-03-24,32.0,0,0,0,0,0
1093797607.0,0,0,0,,,0,0,0,0,0
1548464209.0,0,0,0,,,0,0,0,0,0
1942223946.0,370,1,1,2026-03-20,36.0,0,1,1,1,1
1609921543.0,0,0,0,,,0,0,0,0,0
1700337581.0,0,0,0,,,0,0,0,0,0
1023566296.0,0,0,0,,,0,0,0,0,0
1821897976.0,38,1,1,2026-04-03,22.0,0,1,0,1,0
1477884450.0,0,0,0,,,0,0,0,0,0
1104436575.0,74,2,1,2026-04-06,19.0,0,0,0,0,0
1073103628.0,16,1,1,2026-03-11,45.0,0,0,0,0,0
1912425075.0,8,1,1,2026-04-01,24.0,0,0,0,0,0
1770784837.0,1,1,1,2026-02-06,78.0,0,0,0,0,0
1053616631.0,0,0,0,,,0,0,0,0,0
1669931739.0,7,3,3,2026-02-19,65.0,0,0,0,0,0
1891175113.0,15,1,1,2026-04-04,21.0,0,0,0,0,0
1043472665.0,0,0,0,,,0,0,0,0,0
1073688933.0,0,0,0,,,0,0,0,0,0
1124781810.0,0,0,0,,,0,0,0,0,0
1205988540.0,0,0,0,,,0,0,0,0,0
1689960882.0,276,1,1,2026-04-07,18.0,0,0,0,0,0
1356752158.0,104,1,1,2026-04-06,19.0,0,0,0,0,0
1922552041.0,24,1,1,2026-03-23,33.0,0,0,0,0,0
1356078695.0,0,0,0,,,0,0,0,0,0
1043267917.0,0,0,0,,,0,0,0,0,0
1184388332.0,388,1,1,2026-04-10,15.0,0,1,0,1,0
1821697194.0,9,1,1,2026-02-28,56.0,0,0,0,0,0
1306587886.0,0,0,0,,,0,0,0,0,0
1912564493.0,346,3,3,2026-04-03,22.0,0,0,0,0,0
1801237623.0,0,0,0,,,0,0,0,0,0
1760813737.0,0,0,0,,,0,0,0,0,0
1043370455.0,0,0,0,,,0,0,0,0,0
1891209979.0,18,1,1,2026-04-02,23.0,0,0,0,0,0
1437543493.0,15,1,1,2026-03-12,44.0,0,0,0,0,0
1356862817.0,0,0,0,,,0,0,0,0,0
1033596879.0,83,1,1,2026-03-20,36.0,0,0,0,0,0
1700768140.0,14,1,1,2026-03-19,37.0,0,0,0,0,0
1790944999.0,20,2,1,2026-03-05,51.0,0,0,0,0,0
1073865341.0,0,0,0,,,0,0,0,0,0
1447098983.0,0,0,0,,,0,0,0,0,0
1356571079.0,0,0,0,,,0,0,0,0,0
1518256494.0,382,1,1,2026-04-08,17.0,0,0,0,0,0
1033550033.0,0,0,0,,,0,0,0,0,0
1386158343.0,0,0,0,,,0,0,0,0,0
1962779306.0,0,0,0,,,0,0,0,0,0
1295434330.0,0,0,0,,,0,0,0,0,0
1104080308.0,0,0,0,,,0,0,0,0,0
1598488959.0,0,0,0,,,0,0,0,0,0
1033479449.0,0,0,0,,,0,0,0,0,0
1043311921.0,0,0,0,,,0,0,0,0,0
1700923273.0,54,7,7,2026-04-03,22.0,0,0,0,0,0
1194922526.0,91,19,19,2026-04-09,16.0,0,1,0,1,0
1285689034.0,270,16,16,2026-04-04,21.0,0,0,0,0,0
1275599755.0,2005,22,22,2026-04-09,16.0,0,0,0,0,0
1003443680.0,8,6,6,2026-03-26,30.0,0,0,0,0,0
1679592570.0,868,17,15,2026-04-06,19.0,0,1,0,1,0
1235213018.0,923,6,6,2026-04-02,23.0,0,0,0,0,0
1730669920.0,602,5,5,2026-04-07,18.0,0,0,0,0,0
1902487531.0,1082,14,14,2026-04-08,17.0,0,1,0,1,0
1851646731.0,208,10,10,2026-04-06,19.0,0,1,0,1,0
1851700116.0,108,5,5,2026-04-08,17.0,0,1,0,1,0
1851852792.0,31,5,5,2026-03-11,45.0,0,0,0,0,0
1285381053.0,836,5,5,2026-04-08,17.0,0,0,0,0,0
1558985408.0,87,13,13,2026-04-09,16.0,0,1,0,1,0
1164401923.0,871,11,11,2026-04-04,21.0,0,0,0,0,0
1316172794.0,398,9,9,2026-03-28,28.0,0,1,0,1,0
1487698387.0,651,12,12,2026-04-07,18.0,0,0,0,0,0
1891217030.0,261,13,13,2026-04-01,24.0,0,0,0,0,0
1184246472.0,79,5,5,2026-04-08,17.0,0,0,0,0,0
1386681450.0,203,5,3,2026-03-24,32.0,0,1,1,1,1
1962777292.0,80,8,8,2026-04-03,22.0,0,0,0,0,0
1316353907.0,8,2,2,2026-03-18,38.0,0,0,0,0,0
1255727665.0,216,13,13,2026-04-09,16.0,0,0,0,0,0
1972919355.0,287,11,10,2026-03-25,31.0,1,1,1,1,1
1780626630.0,901,7,6,2026-04-07,18.0,0,0,0,0,0
1659720084.0,14,6,6,2026-03-27,29.0,0,1,0,1,0
1699871715.0,69,4,4,2026-03-30,26.0,1,1,1,1,1
1023201035.0,192,6,6,2026-03-17,39.0,0,0,0,0,0
1811934417.0,76,8,8,2026-04-06,19.0,0,0,0,0,0
1083714554.0,559,5,5,2026-04-09,16.0,0,0,0,0,0
1104404748.0,6,4,4,2026-03-31,25.0,0,0,0,0,0
1881700342.0,29,7,7,2026-03-27,29.0,0,0,0,0,0
1821017922.0,22,5,5,2026-04-05,20.0,0,0,0,0,0
1629446661.0,16,5,5,2026-03-31,25.0,0,0,0,0,0
1932698180.0,11,8,8,2026-03-22,34.0,0,0,0,0,0
1396795779.0,929,7,5,2026-04-02,23.0,1,1,1,1,1
1265695019.0,668,8,8,2026-04-03,22.0,1,1,1,1,1
1093334112.0,210,9,9,2026-04-06,19.0,0,0,0,0,0
1023257235.0,170,2,2,2026-04-07,18.0,0,1,1,1,1
1881588879.0,623,8,7,2026-04-02,23.0,0,0,0,0,0
1710114582.0,43,5,5,2026-04-10,15.0,0,1,0,1,0
1245556042.0,28,6,6,2026-03-19,37.0,0,0,0,0,0
1063428050.0,23,3,3,2026-04-06,19.0,0,0,0,0,0
1871511972.0,32,3,3,2026-03-13,43.0,0,0,0,0,0
1154885549.0,3,2,2,2026-03-27,29.0,0,0,0,0,0
1912520289.0,75,5,5,2026-03-31,25.0,0,1,0,1,0
1447513148.0,10,4,4,2026-03-24,32.0,0,0,0,0,0
1053623108.0,403,8,8,2026-04-08,17.0,0,0,0,0,0
1023089976.0,123,3,3,2026-03-26,30.0,0,1,0,1,0
1033424924.0,38,7,7,2026-04-06,19.0,0,1,0,1,0
1821200239.0,48,3,3,2026-04-08,17.0,0,1,0,1,0
1871511634.0,492,8,7,2026-04-07,18.0,0,0,0,0,0
1790727154.0,160,8,8,2026-04-06,19.0,0,0,0,0,0
1285953166.0,16,5,5,2026-04-06,19.0,0,1,0,1,0
1174071401.0,29,8,8,2026-04-07,18.0,0,0,0,0,0
1861416042.0,13,5,5,2026-03-16,40.0,0,1,0,1,0
1750456232.0,337,11,9,2026-04-09,16.0,0,1,0,1,0
1477214773.0,79,2,2,2026-03-27,29.0,0,0,0,0,0
1497959043.0,325,4,4,2026-03-20,36.0,0,0,0,0,0
1790014827.0,442,4,4,2026-03-30,26.0,0,0,0,0,0
1437242807.0,331,3,3,2026-03-25,31.0,0,0,0,0,0
1477675890.0,313,6,6,2026-03-26,30.0,0,1,1,1,1
1255950291.0,1658,6,6,2026-04-08,17.0,0,0,0,0,0
1861542482.0,267,7,6,2026-03-11,45.0,1,1,1,1,1
1083117808.0,66,5,5,2026-03-25,31.0,0,0,0,0,0
1316948797.0,455,6,5,2026-04-09,16.0,0,0,0,0,0
1891280442.0,58,8,8,2026-03-31,25.0,0,0,0,0,0
1609280742.0,16,4,4,2026-03-23,33.0,1,1,1,1,1
1205344082.0,10,4,4,2026-04-08,17.0,0,0,0,0,0
1851430219.0,2730,5,5,2026-03-31,25.0,0,0,0,0,0
1841287471.0,1296,3,3,2026-04-08,17.0,0,0,0,0,0
1861517278.0,458,2,2,2026-03-22,34.0,0,0,0,0,0
1477579548.0,148,2,2,2026-04-06,19.0,0,1,1,1,1
1679563324.0,156,4,4,2026-04-02,23.0,0,0,0,0,0
1750071163.0,7,2,2,2026-03-24,32.0,0,0,0,0,0
1831601939.0,41,2,2,2026-04-07,18.0,0,0,0,0,0
1043326192.0,131,4,4,2026-04-01,24.0,0,0,0,0,0
1487997961.0,1161,5,5,2026-04-03,22.0,0,0,0,0,0
1194464693.0,1238,4,4,2026-03-20,36.0,0,0,0,0,0
1477174068.0,315,2,2,2026-04-08,17.0,0,0,0,0,0
1376833723.0,7,4,4,2026-03-30,26.0,0,0,0,0,0
1023989928.0,13,4,4,2026-03-31,25.0,0,0,0,0,0
1376040592.0,114,5,5,2026-04-10,15.0,0,0,0,0,0
1568880219.0,9,3,3,2026-04-06,19.0,1,1,1,1,1
1720557671.0,5,2,2,2026-02-09,75.0,0,0,0,0,0
1700229655.0,16,2,2,2026-03-04,52.0,0,0,0,0,0
1336151976.0,39,3,2,2026-04-09,16.0,0,1,0,1,0
1538034913.0,77,6,6,2026-04-05,20.0,0,0,0,0,0
1316811193.0,32,3,3,2026-04-02,23.0,0,0,0,0,0
1164685236.0,5,2,2,2026-02-24,60.0,0,0,0,0,0
1700512795.0,18,3,3,2026-03-31,25.0,0,0,0,0,0
1922402080.0,10,4,4,2026-01-27,88.0,0,0,0,0,0
1215938212.0,878,4,3,2026-04-04,21.0,0,0,0,0,0
1447702584.0,154,3,2,2026-04-03,22.0,1,1,1,1,1
1396156675.0,42,3,3,2026-03-13,43.0,0,0,0,0,0
1992892517.0,9,3,3,2026-03-30,26.0,1,1,1,1,1
1811941792.0,77,2,2,2026-04-02,23.0,0,0,0,0,0
1043607302.0,777,2,2,2026-04-04,21.0,0,0,0,0,0
1841314416.0,4,2,2,2026-03-07,49.0,0,0,0,0,0
1659962363.0,97,2,2,2026-04-08,17.0,1,1,1,1,1
1427489434.0,48,2,2,2026-03-31,25.0,0,0,0,0,0
1477173185.0,60,2,2,2026-03-17,39.0,0,0,0,0,0
1508347006.0,19,2,2,2026-03-13,43.0,0,0,0,0,0
1033215058.0,0,0,0,,,0,0,0,0,0
1952598898.0,0,0,0,,,0,0,0,0,0
1124278791.0,122,1,1,2026-04-01,24.0,0,0,0,0,0
1366020695.0,0,0,0,,,0,0,0,0,0
1023070422.0,0,0,0,,,0,0,0,0,0
1750591053.0,0,0,0,,,0,0,0,0,0
1821493404.0,1,1,1,2026-01-13,102.0,0,1,1,1,1
1033191994.0,0,0,0,,,0,0,0,0,0
1457129843.0,0,0,0,,,0,0,0,0,0
1043276827.0,0,0,0,,,0,0,0,0,0
1356399133.0,17,1,1,2026-03-24,32.0,0,0,0,0,0
1427346030.0,0,0,0,,,0,0,0,0,0
1003362674.0,0,0,0,,,0,0,0,0,0
1487156717.0,0,0,0,,,0,0,0,0,0
1700619145.0,343,1,1,2026-04-09,16.0,0,0,0,0,0
1801936448.0,0,0,0,,,0,0,0,0,0
1770369076.0,39,2,2,2026-03-30,26.0,0,0,0,0,0
1366973844.0,0,0,0,,,0,0,0,0,0
1427632298.0,0,0,0,,,0,0,0,0,0
1326321878.0,0,0,0,,,0,0,0,0,0
1558983932.0,0,0,0,,,0,0,0,0,0
1073082210.0,0,0,0,,,0,0,0,0,0
1891110532.0,0,0,0,,,0,0,0,0,0
1053577973.0,0,0,0,,,0,0,0,0,0
1669058111.0,2,1,1,2026-03-10,46.0,0,0,0,0,0
1841603263.0,1,1,1,2026-01-21,94.0,0,0,0,0,0
1477144319.0,1,1,1,2026-03-22,34.0,0,1,1,1,1
1023496767.0,0,0,0,,,0,0,0,0,0
1790700045.0,1,1,1,2026-01-21,94.0,0,0,0,0,0
1881638708.0,0,0,0,,,0,0,0,0,0
1083716724.0,0,0,0,,,0,0,0,0,0
1538783089.0,0,0,0,,,0,0,0,0,0
1245288653.0,0,0,0,,,0,0,0,0,0
1154955383.0,0,0,0,,,0,0,0,0,0
1912023565.0,40,1,1,2026-03-31,25.0,0,0,0,0,0
1720163538.0,10,1,1,2026-02-24,60.0,1,1,1,1,1
1487734810.0,0,0,0,,,0,0,0,0,0
1447669676.0,286,1,1,2026-04-06,19.0,0,1,1,1,1
1710447024.0,4,1,1,2026-03-06,50.0,0,0,0,0,0
1871793331.0,18,2,2,2026-03-18,38.0,0,0,0,0,0
1154346559.0,0,0,0,,,0,0,0,0,0
1083659486.0,0,0,0,,,0,0,0,0,0
1033209333.0,0,0,0,,,0,0,0,0,0
1306488200.0,152,1,1,2026-03-14,42.0,0,0,0,0,0
1841644507.0,0,0,0,,,0,0,0,0,0
1841214566.0,0,0,0,,,0,0,0,0,0
1689113268.0,1260,1,1,2026-03-17,39.0,0,1,1,1,1
1528381860.0,311,1,1,2026-04-08,17.0,0,0,0,0,0
1174587257.0,0,0,0,,,0,0,0,0,0
1093331563.0,0,0,0,,,0,0,0,0,0
1346884301.0,82,1,1,2026-03-23,33.0,0,0,0,0,0
1881845527.0,19,1,1,2026-04-07,18.0,1,1,1,1,1
1366979056.0,0,0,0,,,0,0,0,0,0
1609213180.0,11,1,1,2026-04-01,24.0,0,0,0,0,0
1154140283.0,0,0,0,,,0,0,0,0,0
1447265913.0,0,0,0,,,0,0,0,0,0
1093715369.0,0,0,0,,,0,0,0,0,0
1326015231.0,0,0,0,,,0,0,0,0,0
1881703445.0,0,0,0,,,0,0,0,0,0
1326674417.0,0,0,0,,,0,0,0,0,0
1750567731.0,31,1,1,2026-04-03,22.0,0,0,0,0,0
1295084291.0,0,0,0,,,0,0,0,0,0
1679976716.0,0,0,0,,,0,0,0,0,0
1295754950.0,0,0,0,,,0,0,0,0,0
1780213306.0,0,0,0,,,0,0,0,0,0
1083688022.0,3,1,1,2026-03-12,44.0,0,0,0,0,0
1659525483.0,0,0,0,,,0,0,0,0,0
1609127885.0,21,2,2,2026-03-06,50.0,1,1,1,1,1
1093275794.0,32,1,1,2026-03-26,30.0,0,0,0,0,0
1184065575.0,0,0,0,,,0,0,0,0,0
1043253396.0,0,0,0,,,0,0,0,0,0
1104573112.0,1,1,1,2026-04-09,16.0,0,0,0,0,0
1891981320.0,0,0,0,,,0,0,0,0,0
1326515149.0,4,1,1,2026-03-04,52.0,0,0,0,0,0
1053686311.0,0,0,0,,,0,0,0,0,0
1467478255.0,0,0,0,,,0,0,0,0,0
1891066601.0,96,1,1,2026-03-31,25.0,1,1,1,1,1
1801056874.0,22,3,1,2026-03-25,31.0,0,0,0,0,0
1205262482.0,3,1,1,2026-03-05,51.0,0,0,0,0,0
1174263206.0,0,0,0,,,0,0,0,0,0
1619062254.0,118,1,1,2026-03-31,25.0,1,1,1,1,1
1245758317.0,1,1,1,2026-01-02,113.0,0,0,0,0,0
1013464973.0,1,1,1,2026-02-16,68.0,0,0,0,0,0
1548135437.0,265,1,1,2026-04-08,17.0,0,0,0,0,0
1063902500.0,3,1,1,2026-03-02,54.0,0,0,0,0,0
1033644943.0,0,0,0,,,0,0,0,0,0
1073882619.0,48,1,1,2026-03-24,32.0,0,1,0,1,0
1033450549.0,0,0,0,,,0,0,0,0,0
1023256559.0,0,0,0,,,0,0,0,0,0
1659524353.0,1,1,1,2026-01-06,109.0,0,0,0,0,0
1598438285.0,0,0,0,,,0,0,0,0,0
1346203551.0,304,1,1,2026-03-26,30.0,0,1,1,1,1
1063182327.0,0,0,0,,,0,0,0,0,0
1922553007.0,3,1,1,2026-03-23,33.0,0,1,1,1,1
1043266281.0,0,0,0,,,0,0,0,0,0
1437694593.0,10,1,1,2026-03-12,44.0,0,0,0,0,0
1134991318.0,0,0,0,,,0,0,0,0,0
1275533812.0,0,0,0,,,0,0,0,0,0
1184884587.0,0,0,0,,,0,0,0,0,0
1073191730.0,0,0,0,,,0,0,0,0,0
1699260869.0,248,1,1,2026-03-27,29.0,0,1,0,1,0
1508635558.0,8,2,2,2026-02-11,73.0,0,0,0,0,0
1235428772.0,0,0,0,,,0,0,0,0,0
1306999495.0,0,0,0,,,0,0,0,0,0
1114424298.0,102,1,1,2026-03-30,26.0,0,1,0,1,0
1548894363.0,40,1,1,2026-03-20,36.0,0,0,0,0,0
1679154876.0,303,2,1,2026-04-08,17.0,0,0,0,0,0
1083978597.0,0,0,0,,,0,0,0,0,0
1962665497.0,1,1,1,2026-02-24,60.0,0,0,0,0,0
1316017668.0,0,0,0,,,0,0,0,0,0
1497391379.0,0,0,0,,,0,0,0,0,0
1528932027.0,3,1,1,2026-03-11,45.0,0,0,0,0,0
1851903215.0,1429,1,1,2026-03-29,27.0,0,0,0,0,0
1700591344.0,0,0,0,,,0,0,0,0,0
1952540833.0,0,0,0,,,0,0,0,0,0
1033470125.0,0,0,0,,,0,0,0,0,0
1609820927.0,1,1,1,2026-02-20,64.0,0,0,0,0,0
1659909349.0,0,0,0,,,0,0,0,0,0
1659900132.0,1,1,1,2026-03-26,30.0,0,0,0,0,0
1669769170.0,120,2,2,2026-03-29,27.0,0,0,0,0,0
1063298768.0,436,1,1,2026-04-09,16.0,0,0,0,0,0
1184938821.0,342,1,1,2026-03-27,29.0,0,1,1,1,1
1033143441.0,0,0,0,,,0,0,0,0,0
1831279975.0,0,0,0,,,0,0,0,0,0
1083895338.0,0,0,0,,,0,0,0,0,0
1033287560.0,0,0,0,,,0,0,0,0,0
1972920395.0,0,0,0,,,0,0,0,0,0
1043236730.0,0,0,0,,,0,0,0,0,0
1083393847.0,1,1,1,2026-02-04,80.0,0,0,0,0,0
1356019178.0,108,1,1,2026-04-03,22.0,0,0,0,0,0
1437689676.0,1,1,1,2026-01-22,93.0,0,0,0,0,0
1851541932.0,0,0,0,,,0,0,0,0,0
1689174831.0,366,1,1,2026-04-07,18.0,0,0,0,0,0
1043373715.0,0,0,0,,,0,0,0,0,0
1417445867.0,0,0,0,,,0,0,0,0,0
1487992038.0,0,0,0,,,0,0,0,0,0
1013429026.0,0,0,0,,,0,0,0,0,0
1508897307.0,312,1,1,2026-04-09,16.0,1,1,1,1,1
1134148554.0,0,0,0,,,0,0,0,0,0
1639834872.0,0,0,0,,,0,0,0,0,0
1700384112.0,0,0,0,,,0,0,0,0,0
1447746938.0,190,2,2,2026-03-18,38.0,1,1,1,1,1
1366651481.0,26,1,1,2026-03-12,44.0,0,0,0,0,0
1730320409.0,0,0,0,,,0,0,0,0,0
1902696487.0,1,1,1,2026-02-10,74.0,0,0,0,0,0
1750834479.0,0,0,0,,,0,0,0,0,0
1588891964.0,25,1,1,2026-03-20,36.0,0,0,0,0,0
1346811155.0,34,9,9,2026-03-31,25.0,0,0,0,0,0
1144209420.0,7995,61,55,2026-04-06,19.0,0,1,1,1,1
1770995995.0,33,15,15,2026-04-07,18.0,0,1,0,1,0
1891719852.0,862,22,21,2026-03-27,29.0,0,0,0,0,0
1841309671.0,1000,15,15,2026-04-09,16.0,0,1,0,1,0
1316945702.0,137,4,4,2026-04-10,15.0,1,1,1,1,1
1750544185.0,443,8,7,2026-04-06,19.0,0,0,0,0,0
1932324696.0,705,21,21,2026-04-03,22.0,0,0,0,0,0
1194109744.0,9,8,8,2026-03-18,38.0,0,0,0,0,0
1134445505.0,141,10,10,2026-04-02,23.0,0,1,0,1,0
1730341322.0,591,31,30,2026-04-10,15.0,0,1,1,1,1
1083613210.0,7,4,4,2026-04-01,24.0,0,1,0,1,0
1952832636.0,50,5,5,2026-04-07,18.0,0,1,0,1,0
1326365313.0,2466,6,6,2026-04-09,16.0,0,0,0,0,0
1265424006.0,1735,6,5,2026-04-03,22.0,0,1,1,1,1
1912343609.0,208,4,4,2026-04-01,24.0,0,1,0,1,0
1538112461.0,537,9,9,2026-04-08,17.0,0,0,0,0,0
1336309855.0,461,10,9,2026-03-25,31.0,0,1,0,1,0
1497405468.0,963,3,3,2026-04-03,22.0,0,0,0,0,0
1386698314.0,46,7,7,2026-03-30,26.0,0,0,0,0,0
1194201681.0,1497,21,21,2026-04-08,17.0,0,0,0,0,0
1326068354.0,378,4,4,2026-04-02,23.0,0,1,0,1,0
1265204770.0,598,8,8,2026-04-09,16.0,0,0,0,0,0
1922082437.0,144,9,9,2026-04-03,22.0,0,0,0,0,0
1578120044.0,841,10,10,2026-04-10,15.0,0,0,0,0,0
1295901726.0,20,5,5,2026-03-31,25.0,0,1,0,1,0
1164414066.0,4892,8,7,2026-04-03,22.0,0,0,0,0,0
1952360885.0,72,11,11,2026-04-06,19.0,0,0,0,0,0
1053564260.0,164,9,9,2026-03-22,34.0,1,1,1,1,1
1851313159.0,733,8,8,2026-04-03,22.0,0,0,0,0,0
1790282440.0,216,6,5,2026-04-01,24.0,0,1,0,1,0
1255597803.0,9,4,4,2026-03-07,49.0,0,0,0,0,0
1659303303.0,1323,14,14,2026-04-01,24.0,0,1,0,1,0
1518945260.0,4,3,3,2026-02-22,62.0,0,1,0,1,0
1760060776.0,497,2,2,2026-04-10,15.0,0,0,0,0,0
1588680359.0,21,5,5,2026-03-31,25.0,0,0,0,0,0
1811972870.0,1403,6,6,2026-04-07,18.0,0,0,0,0,0
1942258678.0,1675,9,8,2026-04-06,19.0,1,1,1,1,1
1780036889.0,114,7,7,2026-04-06,19.0,0,0,0,0,0
1225130917.0,46,5,5,2026-04-03,22.0,0,0,0,0,0
1336160597.0,44,3,2,2026-03-30,26.0,1,1,1,1,1
1316907108.0,93,5,5,2026-03-20,36.0,0,0,0,0,0
1982681250.0,46,9,8,2026-04-09,16.0,1,1,1,1,1
1447598677.0,675,10,8,2026-04-06,19.0,0,1,0,1,0
1518129436.0,49,7,7,2026-04-10,15.0,0,1,0,1,0
1326133026.0,679,2,2,2026-03-23,33.0,0,0,0,0,0
1023261294.0,103,4,4,2026-04-01,24.0,0,0,0,0,0
1043616808.0,1058,7,7,2026-04-08,17.0,0,0,0,0,0
1427221621.0,154,9,9,2026-03-27,29.0,0,0,0,0,0
1922052570.0,55,8,7,2026-04-08,17.0,0,0,0,0,0
1033145255.0,1239,6,6,2026-04-01,24.0,0,1,1,1,1
1215163100.0,1788,8,7,2026-03-31,25.0,0,1,1,1,1
1275262479.0,3,3,3,2026-03-16,40.0,0,0,0,0,0
1154492874.0,13,5,5,2026-03-30,26.0,0,0,0,0,0
1346401478.0,66,4,4,2026-04-09,16.0,1,1,1,1,1
1083622179.0,291,5,5,2026-03-23,33.0,0,0,0,0,0
1669672408.0,1000,9,8,2026-04-08,17.0,0,0,0,0,0
1467510909.0,799,4,4,2026-03-27,29.0,0,0,0,0,0
1639226525.0,776,8,7,2026-04-08,17.0,0,0,0,0,0
1205996907.0,117,3,3,2026-03-18,38.0,0,0,0,0,0
1760548556.0,783,4,4,2026-03-30,26.0,0,0,0,0,0
1346203361.0,1318,5,5,2026-03-31,25.0,0,0,0,0,0
1669678538.0,76,8,7,2026-03-13,43.0,0,0,0,0,0
1154824191.0,41,2,2,2026-04-06,19.0,0,0,0,0,0
1417776303.0,15,2,2,2026-03-18,38.0,0,0,0,0,0
1467265108.0,461,3,3,2026-04-09,16.0,1,1,1,1,1
1699035113.0,74,5,4,2026-04-02,23.0,0,1,0,1,0
1780607192.0,69,4,4,2026-03-24,32.0,1,1,1,1,1
1245920669.0,846,5,5,2026-04-10,15.0,0,0,0,0,0
1609824796.0,31724,3,3,2026-03-30,26.0,1,1,1,1,1
1104935188.0,252,5,3,2026-04-09,16.0,0,0,0,0,0
1720477334.0,200,2,2,2026-04-09,16.0,0,1,0,1,0
1780267153.0,918,7,7,2026-03-12,44.0,0,0,0,0,0
1093867855.0,25,6,6,2026-04-03,22.0,0,0,0,0,0
1205103686.0,361,6,5,2026-04-09,16.0,0,0,0,0,0
1467694125.0,17,7,7,2026-04-02,23.0,0,0,0,0,0
1821439746.0,124,5,5,2026-04-07,18.0,0,0,0,0,0
1730533621.0,1504,7,6,2026-03-27,29.0,0,0,0,0,0
1376052753.0,8,5,5,2026-03-18,38.0,0,0,0,0,0
1235530395.0,79,3,2,2026-04-07,18.0,0,0,0,0,0
1528319480.0,172,5,5,2026-03-17,39.0,0,0,0,0,0
1841852522.0,81,5,4,2026-03-27,29.0,0,0,0,0,0
1336501931.0,46,5,5,2026-04-03,22.0,0,0,0,0,0
1760182984.0,16,3,3,2026-03-30,26.0,1,1,1,1,1
1578799342.0,28,5,5,2026-03-28,28.0,0,0,0,0,0
1194808279.0,3,2,2,2026-03-16,40.0,1,1,1,1,1
1770012627.0,325,5,4,2026-03-27,29.0,0,1,0,1,0
1225355142.0,5,2,2,2026-03-13,43.0,0,0,0,0,0
1285167379.0,13,3,3,2026-03-30,26.0,0,0,0,0,0
1780243840.0,82,3,3,2026-04-02,23.0,1,1,1,1,1
1639123300.0,9,3,3,2026-04-06,19.0,0,0,0,0,0
1760758924.0,16,2,2,2026-04-03,22.0,0,0,0,0,0
1558505628.0,6,2,2,2026-03-05,51.0,0,0,0,0,0
1124079900.0,9,3,3,2026-03-27,29.0,0,0,0,0,0
1194068650.0,473,2,2,2026-04-08,17.0,0,0,0,0,0
1528825064.0,3,2,2,2026-02-16,68.0,0,0,0,0,0
1124887534.0,30,2,2,2026-04-07,18.0,0,0,0,0,0
1518596725.0,432,3,3,2026-04-02,23.0,0,0,0,0,0
1760857999.0,8,2,2,2026-03-10,46.0,0,0,0,0,0
1245525997.0,226,2,2,2026-03-19,37.0,0,0,0,0,0
1609846534.0,33,2,2,2026-03-31,25.0,0,0,0,0,0
1811460926.0,3,2,2,2026-03-23,33.0,0,0,0,0,0
1629241310.0,0,0,0,,,0,0,0,0,0
1023513124.0,0,0,0,,,0,0,0,0,0
1033470414.0,0,0,0,,,0,0,0,0,0
1265395370.0,0,0,0,,,0,0,0,0,0
1871563775.0,1,1,1,2026-02-17,67.0,0,0,0,0,0
1962363556.0,0,0,0,,,0,0,0,0,0
1033346739.0,0,0,0,,,0,0,0,0,0
1932122595.0,0,0,0,,,0,0,0,0,0
1013643964.0,0,0,0,,,0,0,0,0,0
1851400410.0,0,0,0,,,0,0,0,0,0
1124746961.0,0,0,0,,,0,0,0,0,0
1245313469.0,0,0,0,,,0,0,0,0,0
1346313244.0,8,1,1,2026-03-13,43.0,0,0,0,0,0
1376214049.0,4,1,1,2026-03-19,37.0,0,0,0,0,0
1669420816.0,2,1,1,2026-02-23,61.0,0,0,0,0,0
1215962485.0,0,0,0,,,0,0,0,0,0
1356798649.0,0,0,0,,,0,0,0,0,0
1245595248.0,0,0,0,,,0,0,0,0,0
1518164334.0,1,1,1,2026-03-25,31.0,0,0,0,0,0
1417464769.0,8,1,1,2026-03-12,44.0,0,0,0,0,0
1720092190.0,0,0,0,,,0,0,0,0,0
1215423470.0,100,1,1,2026-03-27,29.0,0,0,0,0,0
1033583018.0,0,0,0,,,0,0,0,0,0
1053425777.0,0,0,0,,,0,0,0,0,0
1588478044.0,0,0,0,,,0,0,0,0,0
1447274592.0,5,1,1,2026-02-26,58.0,0,0,0,0,0
1871346270.0,2,1,1,2026-03-25,31.0,0,0,0,0,0
1053136234.0,2,1,1,2026-03-06,50.0,0,1,0,1,0
1043388762.0,0,0,0,,,0,0,0,0,0
1417946237.0,0,0,0,,,0,0,0,0,0
1255455812.0,87,1,1,2026-03-20,36.0,0,0,0,0,0
1386332088.0,1,1,1,2026-03-11,45.0,0,0,0,0,0
1356739916.0,0,0,0,,,0,0,0,0,0
1427946425.0,62,1,1,2026-03-13,43.0,0,0,0,0,0
1013403518.0,207,1,1,2026-04-10,15.0,0,1,1,1,1
1770794190.0,0,0,0,,,0,0,0,0,0
1699079095.0,0,0,0,,,0,0,0,0,0
1679172977.0,3,1,1,2026-03-12,44.0,0,0,0,0,0
1104015056.0,0,0,0,,,0,0,0,0,0
1528475266.0,0,0,0,,,0,0,0,0,0
1356330054.0,0,0,0,,,0,0,0,0,0
1124378492.0,2,1,1,2026-03-09,47.0,0,0,0,0,0
1235536905.0,1,1,1,2026-03-13,43.0,0,0,0,0,0
1760138804.0,0,0,0,,,0,0,0,0,0
1033182944.0,0,0,0,,,0,0,0,0,0
1942257142.0,0,0,0,,,0,0,0,0,0
1588174262.0,0,0,0,,,0,0,0,0,0
1700551314.0,18,1,1,2026-02-11,73.0,0,0,0,0,0
1245710839.0,0,0,0,,,0,0,0,0,0
1285500777.0,0,0,0,,,0,0,0,0,0
1053183293.0,0,0,0,,,0,0,0,0,0
1578803896.0,0,0,0,,,0,0,0,0,0
1871052548.0,0,0,0,,,0,0,0,0,0
1447789508.0,0,0,0,,,0,0,0,0,0
1720095276.0,1488,1,1,2026-04-06,19.0,0,0,0,0,0
1477529683.0,365,2,1,2026-03-25,31.0,0,0,0,0,0
1205314721.0,2,1,1,2026-02-24,60.0,0,0,0,0,0
1982816773.0,0,0,0,,,0,0,0,0,0
1316472525.0,0,0,0,,,0,0,0,0,0
1841051463.0,1,1,1,2026-01-26,89.0,0,0,0,0,0
1083663983.0,0,0,0,,,0,0,0,0,0
1104134683.0,0,0,0,,,0,0,0,0,0
1346950482.0,0,0,0,,,0,0,0,0,0
1023543402.0,0,0,0,,,0,0,0,0,0
1205464914.0,0,0,0,,,0,0,0,0,0
1396009742.0,0,0,0,,,0,0,0,0,0
1780973925.0,243,1,1,2026-04-09,16.0,0,1,1,1,1
1912016197.0,0,0,0,,,0,0,0,0,0
1578257796.0,8,1,1,2026-03-19,37.0,0,0,0,0,0
1841388501.0,29,1,1,2026-03-23,33.0,0,1,0,1,0
1356585228.0,0,0,0,,,0,0,0,0,0
1972032977.0,0,0,0,,,0,0,0,0,0
1164522868.0,0,0,0,,,0,0,0,0,0
1508298357.0,0,0,0,,,0,0,0,0,0
1245397314.0,11,1,1,2026-03-05,51.0,0,1,1,1,1
1023248598.0,0,0,0,,,0,0,0,0,0
1336648294.0,0,0,0,,,0,0,0,0,0
1336115674.0,0,0,0,,,0,0,0,0,0
1659573889.0,0,0,0,,,0,0,0,0,0
1366948648.0,6,1,1,2026-03-19,37.0,0,0,0,0,0
1447221510.0,344,3,3,2026-03-14,42.0,0,0,0,0,0
1124736350.0,72,1,1,2026-03-19,37.0,0,0,0,0,0
1912117144.0,3,1,1,2026-02-04,80.0,0,0,0,0,0
1144817123.0,51,1,1,2026-04-06,19.0,0,0,0,0,0
1780670588.0,26,1,1,2026-03-28,28.0,0,0,0,0,0
1649655499.0,2,1,1,2026-01-11,104.0,0,0,0,0,0
1750966453.0,47,1,1,2026-01-21,94.0,1,1,1,1,1
1780945832.0,11,2,2,2026-03-28,28.0,0,0,0,0,0
1710275938.0,1,1,1,2026-03-07,49.0,0,0,0,0,0
1023134152.0,0,0,0,,,0,0,0,0,0
1053674390.0,0,0,0,,,0,0,0,0,0
1053871400.0,0,0,0,,,0,0,0,0,0
1043783459.0,0,0,0,,,0,0,0,0,0
1295739274.0,0,0,0,,,0,0,0,0,0
1033430798.0,0,0,0,,,0,0,0,0,0
1750854949.0,0,0,0,,,0,0,0,0,0
1336653260.0,371,1,1,2026-04-08,17.0,0,0,0,0,0
1285650622.0,1,1,1,2026-03-23,33.0,0,0,0,0,0
1831066125.0,180,1,1,2026-04-10,15.0,0,0,0,0,0
1306325485.0,33,1,1,2026-04-03,22.0,0,0,0,0,0
1396725917.0,866,1,1,2026-03-31,25.0,0,0,0,0,0
1083027668.0,11,1,1,2026-03-26,30.0,0,0,0,0,0
1932471331.0,1,1,1,2026-03-03,53.0,0,0,0,0,0
1992759765.0,0,0,0,,,0,0,0,0,0
1093717431.0,0,0,0,,,0,0,0,0,0
1568041051.0,59,1,1,2026-03-16,40.0,1,1,1,1,1
1699791855.0,0,0,0,,,0,0,0,0,0
1114004975.0,0,0,0,,,0,0,0,0,0
1134177611.0,1,1,1,2026-02-03,81.0,0,0,0,0,0
1265304513.0,0,0,0,,,0,0,0,0,0
1154978823.0,0,0,0,,,0,0,0,0,0
1265420822.0,0,0,0,,,0,0,0,0,0
1073512356.0,0,0,0,,,0,0,0,0,0
1023122306.0,0,0,0,,,0,0,0,0,0
1083749998.0,0,0,0,,,0,0,0,0,0
1831528496.0,76,1,1,2026-03-27,29.0,0,0,0,0,0
1295159333.0,0,0,0,,,0,0,0,0,0
1508572355.0,0,0,0,,,0,0,0,0,0
1154992113.0,0,0,0,,,0,0,0,0,0
1376075663.0,0,0,0,,,0,0,0,0,0
1053483792.0,0,0,0,,,0,0,0,0,0
1922733229.0,319,1,1,2026-04-08,17.0,0,0,0,0,0
1700416278.0,60,1,1,2026-03-31,25.0,0,0,0,0,0
1376354688.0,0,0,0,,,0,0,0,0,0
1902067333.0,133,1,1,2026-03-19,37.0,0,1,1,1,1
1023181450.0,0,0,0,,,0,0,0,0,0
1548231640.0,0,0,0,,,0,0,0,0,0
1982220430.0,0,0,0,,,0,0,0,0,0
1558380113.0,187,1,1,2026-04-08,17.0,0,0,0,0,0
1649590654.0,5,1,1,2026-03-17,39.0,0,0,0,0,0
1053336057.0,0,0,0,,,0,0,0,0,0
1912894700.0,0,0,0,,,0,0,0,0,0
1700167962.0,0,0,0,,,0,0,0,0,0
1013202530.0,8,1,1,2026-03-30,26.0,0,0,0,0,0
1255325882.0,0,0,0,,,0,0,0,0,0
1184657462.0,0,0,0,,,0,0,0,0,0
1972015899.0,925,1,1,2026-04-09,16.0,0,0,0,0,0
1083996318.0,0,0,0,,,0,0,0,0,0
1356818231.0,0,0,0,,,0,0,0,0,0
1053479246.0,0,0,0,,,0,0,0,0,0
1306900261.0,42,1,1,2026-03-31,25.0,1,1,1,1,1
1023429933.0,7,1,1,2026-03-12,44.0,0,0,0,0,0
1124709985.0,20,1,1,2026-02-27,57.0,0,1,1,1,1
1336039015.0,0,0,0,,,0,0,0,0,0
1679796403.0,0,0,0,,,0,0,0,0,0
1306516380.0,0,0,0,,,0,0,0,0,0
1851574925.0,282,1,1,2026-04-02,23.0,1,1,1,1,1
1912682501.0,0,0,0,,,0,0,0,0,0
1730645888.0,35,1,1,2026-04-07,18.0,0,0,0,0,0
1669349718.0,9,1,1,2026-03-03,53.0,0,1,0,1,0
1033179973.0,0,0,0,,,0,0,0,0,0
1235978974.0,0,0,0,,,0,0,0,0,0
1851166367.0,0,0,0,,,0,0,0,0,0
1124319694.0,0,0,0,,,0,0,0,0,0
1528612124.0,0,0,0,,,0,0,0,0,0
1154410967.0,30297,365,364,2026-04-09,16.0,0,0,0,0,0
1396739603.0,430,12,12,2026-04-07,18.0,1,1,1,1,1
1861435984.0,1788,12,12,2026-04-07,18.0,0,1,0,1,0
1891851861.0,1137,18,18,2026-04-08,17.0,0,0,0,0,0
1598827628.0,2456,10,10,2026-04-07,18.0,0,0,0,0,0
1477727170.0,217,15,15,2026-04-09,16.0,0,1,1,1,1
1659876282.0,272,9,9,2026-04-08,17.0,0,0,0,0,0
1730131905.0,118,8,8,2026-04-09,16.0,0,0,0,0,0
1013203827.0,107,7,7,2026-04-02,23.0,0,0,0,0,0
1477896652.0,497,14,13,2026-04-04,21.0,0,0,0,0,0
1255354718.0,81,9,9,2026-04-08,17.0,0,0,0,0,0
1679525521.0,68,11,11,2026-04-06,19.0,0,0,0,0,0
1851521736.0,267,39,38,2026-04-07,18.0,0,0,0,0,0
1730328634.0,136,16,16,2026-03-30,26.0,0,1,1,1,1
1568423697.0,1014,12,12,2026-04-02,23.0,1,1,1,1,1
1467456384.0,84,13,12,2026-04-06,19.0,0,1,0,1,0
1205865359.0,49,3,2,2026-03-30,26.0,0,0,0,0,0
1053722686.0,316,11,11,2026-04-10,15.0,1,1,1,1,1
1649709148.0,52,9,9,2026-03-27,29.0,0,1,1,1,1
1548336258.0,255,10,10,2026-04-08,17.0,0,0,0,0,0
1184219883.0,5,2,2,2026-03-19,37.0,0,0,0,0,0
1457052565.0,45,4,4,2026-04-08,17.0,0,0,0,0,0
1336376359.0,250,10,10,2026-04-08,17.0,1,1,1,1,1
1053318931.0,122,9,9,2026-04-06,19.0,0,0,0,0,0
1962814491.0,138,11,11,2026-04-03,22.0,1,1,1,1,1
1043482342.0,37,4,4,2026-04-06,19.0,0,0,0,0,0
1134623796.0,28,5,5,2026-03-13,43.0,0,0,0,0,0
1386841716.0,101,13,13,2026-04-07,18.0,0,0,0,0,0
1578550638.0,3517,24,24,2026-04-09,16.0,0,1,0,1,0
1174969307.0,411,13,13,2026-04-10,15.0,0,0,0,0,0
1972565182.0,2538,8,8,2026-04-08,17.0,0,0,0,0,0
1356957641.0,6,2,2,2026-03-21,35.0,0,0,0,0,0
1508442369.0,30,8,8,2026-03-16,40.0,0,1,1,1,1
1598872889.0,52,12,12,2026-03-30,26.0,0,1,0,1,0
1437475936.0,8,3,3,2026-03-11,45.0,0,0,0,0,0
1710299482.0,951,9,8,2026-04-09,16.0,0,0,0,0,0
1588026793.0,33,8,8,2026-04-01,24.0,1,1,1,1,1
1528406345.0,1720,12,12,2026-04-09,16.0,0,1,0,1,0
1194212712.0,24,2,2,2026-03-04,52.0,0,1,0,1,0
1750475125.0,13,3,3,2026-03-26,30.0,0,0,0,0,0
1447534169.0,119,5,4,2026-03-31,25.0,0,1,0,1,0
1750339040.0,102,11,11,2026-04-09,16.0,1,1,1,1,1
1689969453.0,1157,4,4,2026-04-04,21.0,1,1,1,1,1
1164499117.0,358,9,8,2026-03-31,25.0,0,0,0,0,0
1275970568.0,1562,14,14,2026-04-07,18.0,0,0,0,0,0
1689929663.0,559,5,5,2026-04-03,22.0,0,1,0,1,0
1801825500.0,1888,6,5,2026-04-03,22.0,0,0,0,0,0
1548340714.0,113,4,4,2026-04-06,19.0,0,1,0,1,0
1134445323.0,291,6,6,2026-04-07,18.0,0,0,0,0,0
1639642465.0,486,5,5,2026-03-25,31.0,0,0,0,0,0
1942969043.0,539,5,5,2026-04-09,16.0,0,1,0,1,0
1427020080.0,13,4,4,2026-04-08,17.0,0,0,0,0,0
1801918917.0,72,5,5,2026-03-26,30.0,0,1,1,1,1
1194098509.0,36,7,7,2026-03-30,26.0,0,1,0,1,0
1306419304.0,327,6,6,2026-04-03,22.0,1,1,1,1,1
1992181200.0,5,3,3,2026-03-19,37.0,0,1,0,1,0
1699377515.0,514,9,8,2026-04-09,16.0,0,1,0,1,0
1124281274.0,826,3,3,2026-04-05,20.0,1,1,1,1,1
1538620356.0,2108,3,3,2026-04-09,16.0,0,0,0,0,0
1184242513.0,332,3,2,2026-04-07,18.0,0,1,0,1,0
1417469248.0,537,5,5,2026-04-09,16.0,0,0,0,0,0
1366028110.0,398,3,3,2026-04-10,15.0,0,1,0,1,0
1760416747.0,29,6,6,2026-04-03,22.0,0,0,0,0,0
1639136534.0,157,2,2,2026-03-27,29.0,1,1,1,1,1
1952042392.0,15,4,4,2026-03-08,48.0,0,1,1,1,1
1720509169.0,499,2,2,2026-03-26,30.0,0,0,0,0,0
1558537555.0,29,6,6,2026-03-29,27.0,0,0,0,0,0
1184693566.0,637,4,4,2026-04-09,16.0,0,1,0,1,0
1255821674.0,4,4,4,2026-04-07,18.0,0,0,0,0,0
1265547301.0,691,7,7,2026-04-03,22.0,0,0,0,0,0
1972703882.0,151,3,3,2026-04-01,24.0,1,0,0,0,0
1194720490.0,3,3,3,2026-03-11,45.0,1,1,1,1,1
1336636695.0,270,4,4,2026-03-31,25.0,0,1,0,1,0
1013992460.0,1340,8,8,2026-04-07,18.0,0,0,0,0,0
1255377354.0,599,5,5,2026-03-18,38.0,1,1,1,1,1
1710131305.0,1528,5,5,2026-04-06,19.0,0,0,0,0,0
1922427392.0,1358,3,3,2026-03-27,29.0,0,0,0,0,0
1710113634.0,488,4,3,2026-03-31,25.0,1,1,1,1,1
1902365927.0,185,9,7,2026-04-11,14.0,0,1,0,1,0
1275834731.0,1311,5,5,2026-04-07,18.0,1,1,1,1,1
1841498714.0,292,8,8,2026-04-09,16.0,0,0,0,0,0
1760544662.0,200,4,4,2026-03-22,34.0,0,0,0,0,0
1558380485.0,48,7,7,2026-04-01,24.0,0,0,0,0,0
1679246078.0,83,2,2,2026-04-03,22.0,0,0,0,0,0
1598716839.0,5,4,4,2026-03-30,26.0,0,1,0,1,0
1447537865.0,340,2,2,2026-04-08,17.0,0,1,0,1,0
1942259833.0,4,3,3,2026-03-11,45.0,0,0,0,0,0
1447211123.0,65,4,4,2026-04-02,23.0,0,0,0,0,0
1619915709.0,21,2,2,2026-03-27,29.0,0,1,1,1,1
1164909339.0,10,2,2,2026-03-14,42.0,0,0,0,0,0
1104456003.0,27,3,3,2026-03-30,26.0,0,0,0,0,0
1427525690.0,92,2,2,2026-03-13,43.0,1,1,1,1,1
1790231751.0,52,2,2,2026-03-30,26.0,0,1,1,1,1
1891374294.0,7,5,5,2026-03-17,39.0,0,1,0,1,0
1821112202.0,25,3,3,2026-03-23,33.0,0,0,0,0,0
1518522432.0,17,2,2,2026-03-25,31.0,1,1,1,1,1
1023251451.0,2,2,2,2026-02-28,56.0,0,0,0,0,0
1669046363.0,542,2,2,2026-04-09,16.0,0,0,0,0,0
1952748352.0,106,4,4,2026-04-07,18.0,0,0,0,0,0
1841750114.0,49,2,2,2026-04-06,19.0,1,1,1,1,1
1124900485.0,298,5,4,2026-04-06,19.0,0,1,0,1,0
1811728991.0,12,2,2,2026-03-27,29.0,1,1,1,1,1
1467680157.0,51,2,2,2026-03-26,30.0,0,0,0,0,0
1538723242.0,271,3,3,2026-04-09,16.0,0,0,0,0,0
1154320067.0,5,3,3,2026-03-24,32.0,0,0,0,0,0
1861981094.0,38,3,3,2026-03-25,31.0,0,0,0,0,0
1114260429.0,15,4,4,2026-03-02,54.0,0,1,1,1,1
1184268351.0,10,2,2,2026-04-06,19.0,0,0,0,0,0
1760726970.0,13,1,1,2026-03-26,30.0,0,0,0,0,0
1184381998.0,0,0,0,,,0,0,0,0,0
1093712457.0,0,0,0,,,0,0,0,0,0
1124742820.0,0,0,0,,,0,0,0,0,0
1477904738.0,0,0,0,,,0,0,0,0,0
1306336011.0,0,0,0,,,0,0,0,0,0
1003820465.0,2,1,1,2026-01-21,94.0,0,0,0,0,0
1043268378.0,0,0,0,,,0,0,0,0,0
1760496509.0,1958,1,1,2026-04-10,15.0,0,0,0,0,0
1053302976.0,0,0,0,,,0,0,0,0,0
1750902573.0,341,1,1,2026-03-17,39.0,0,1,1,1,1
1083952824.0,0,0,0,,,0,0,0,0,0
1114374857.0,0,0,0,,,0,0,0,0,0
1093347619.0,61,1,1,2026-03-27,29.0,0,0,0,0,0
1851745525.0,1,1,1,2026-01-29,86.0,0,0,0,0,0
1851934483.0,2,2,2,2026-02-27,57.0,0,0,0,0,0
1043849060.0,0,0,0,,,0,0,0,0,0
1265418883.0,0,0,0,,,0,0,0,0,0
1487063137.0,175,1,1,2026-04-07,18.0,0,0,0,0,0
1891206488.0,0,0,0,,,0,0,0,0,0
1023182037.0,0,0,0,,,0,0,0,0,0
1912945932.0,1,1,1,2026-01-08,107.0,0,0,0,0,0
1134217904.0,0,0,0,,,0,0,0,0,0
1891913455.0,0,0,0,,,0,0,0,0,0
1659877967.0,472,1,1,2026-04-02,23.0,0,0,0,0,0
1891774196.0,1272,1,1,2026-04-02,23.0,0,0,0,0,0
1558775676.0,4,1,1,2026-02-27,57.0,0,0,0,0,0
1073728747.0,0,0,0,,,0,0,0,0,0
1750734273.0,0,0,0,,,0,0,0,0,0
1053615807.0,0,0,0,,,0,0,0,0,0
1215436977.0,615,1,1,2026-04-06,19.0,0,0,0,0,0
1033434097.0,0,0,0,,,0,0,0,0,0
1639680051.0,380,1,1,2026-04-07,18.0,0,1,0,1,0
1871837385.0,0,0,0,,,0,0,0,0,0
1073901021.0,0,0,0,,,0,0,0,0,0
1891084620.0,5,2,2,2026-02-15,69.0,0,0,0,0,0
1629844212.0,12,1,1,2026-03-31,25.0,0,0,0,0,0
1518493493.0,72,1,1,2026-04-07,18.0,1,1,1,1,1
1053659482.0,0,0,0,,,0,0,0,0,0
1750719928.0,7,1,1,2026-03-16,40.0,0,0,0,0,0
1457994246.0,4,1,1,2026-04-01,24.0,0,0,0,0,0
1023321809.0,0,0,0,,,0,0,0,0,0
1447712609.0,0,0,0,,,0,0,0,0,0
1144568429.0,35,1,1,2026-03-24,32.0,0,0,0,0,0
1023335643.0,0,0,0,,,0,0,0,0,0
1205178555.0,0,0,0,,,0,0,0,0,0
1730817636.0,0,0,0,,,0,0,0,0,0
1710279856.0,0,0,0,,,0,0,0,0,0
1407405772.0,1,1,1,2026-02-17,67.0,0,0,0,0,0
1396574109.0,0,0,0,,,0,0,0,0,0
1245372093.0,31,1,1,2026-03-04,52.0,0,0,0,0,0
1972889384.0,6,1,1,2026-03-24,32.0,0,0,0,0,0
1043260995.0,0,0,0,,,0,0,0,0,0
1063703486.0,0,0,0,,,0,0,0,0,0
1033003777.0,0,0,0,,,0,0,0,0,0
1043289184.0,0,0,0,,,0,0,0,0,0
1326411737.0,59,1,1,2026-04-02,23.0,0,0,0,0,0
1710121108.0,2,1,1,2026-02-28,56.0,0,0,0,0,0
1336153881.0,2,1,1,2026-03-16,40.0,0,0,0,0,0
1366042277.0,0,0,0,,,0,0,0,0,0
1467053298.0,0,0,0,,,0,0,0,0,0
1861688269.0,0,0,0,,,0,0,0,0,0
1023175973.0,0,0,0,,,0,0,0,0,0
1194605170.0,0,0,0,,,0,0,0,0,0
1538697156.0,1,1,1,2026-01-21,94.0,0,1,0,1,0
1942777933.0,0,0,0,,,0,0,0,0,0
1841296662.0,0,0,0,,,0,0,0,0,0
1528612983.0,0,0,0,,,0,0,0,0,0
1093166282.0,0,0,0,,,0,0,0,0,0
1205136603.0,0,0,0,,,0,0,0,0,0
1053635946.0,0,0,0,,,0,0,0,0,0
1023428273.0,0,0,0,,,0,0,0,0,0
1053340646.0,0,0,0,,,0,0,0,0,0
1316052731.0,0,0,0,,,0,0,0,0,0
1659974152.0,5,1,1,2026-02-26,58.0,0,0,0,0,0
1457714073.0,2,1,1,2026-02-17,67.0,0,0,0,0,0
1477425775.0,2,1,1,2026-04-01,24.0,0,0,0,0,0
1043404312.0,0,0,0,,,0,0,0,0,0
1760796924.0,121,1,1,2026-04-06,19.0,0,0,0,0,0
1679814537.0,0,0,0,,,0,0,0,0,0
1336484625.0,0,0,0,,,0,0,0,0,0
1699884759.0,7,1,1,2026-03-20,36.0,0,0,0,0,0
1023727856.0,0,0,0,,,0,0,0,0,0
1942841051.0,0,0,0,,,0,0,0,0,0
1982828836.0,49,1,1,2026-03-27,29.0,0,0,0,0,0
1982638250.0,16,1,1,2026-04-07,18.0,0,0,0,0,0
1265870299.0,0,0,0,,,0,0,0,0,0
1053367532.0,0,0,0,,,0,0,0,0,0
1811600414.0,0,0,0,,,0,0,0,0,0
1902264070.0,131,1,1,2026-03-13,43.0,0,0,0,0,0
1396459665.0,0,0,0,,,0,0,0,0,0
1972892537.0,0,0,0,,,0,0,0,0,0
1144282203.0,0,0,0,,,0,0,0,0,0
1518589126.0,262,1,1,2026-04-02,23.0,1,1,1,1,1
1942716410.0,0,0,0,,,0,0,0,0,0
1477932564.0,0,0,0,,,0,0,0,0,0
1447570882.0,0,0,0,,,0,0,0,0,0
1437593043.0,212,2,2,2026-03-31,25.0,0,1,0,1,0
1326559964.0,0,0,0,,,0,0,0,0,0
1033370390.0,0,0,0,,,0,0,0,0,0
1780941278.0,23,1,1,2026-03-31,25.0,0,0,0,0,0
1154338408.0,0,0,0,,,0,0,0,0,0
1033548458.0,0,0,0,,,0,0,0,0,0
1033156534.0,0,0,0,,,0,0,0,0,0
1003496928.0,0,0,0,,,0,0,0,0,0
1104852631.0,6,1,1,2026-02-17,67.0,0,0,0,0,0
1760217350.0,0,0,0,,,0,0,0,0,0
1366188286.0,0,0,0,,,0,0,0,0,0
1770979791.0,0,0,0,,,0,0,0,0,0
1336502822.0,0,0,0,,,0,0,0,0,0
1659971372.0,16,1,1,2026-04-03,22.0,0,0,0,0,0
1033287578.0,0,0,0,,,0,0,0,0,0
1598501785.0,0,0,0,,,0,0,0,0,0
1902480809.0,1,1,1,2026-02-24,60.0,1,1,1,1,1
1306977913.0,57,1,1,2026-03-24,32.0,0,0,0,0,0
1467001636.0,0,0,0,,,0,0,0,0,0
1497432751.0,0,0,0,,,0,0,0,0,0
1124426523.0,0,0,0,,,0,0,0,0,0
1063005213.0,8,1,1,2026-03-25,31.0,0,0,0,0,0
1710090733.0,0,0,0,,,0,0,0,0,0
1497275523.0,1,1,1,2026-01-23,92.0,0,0,0,0,0
1215980958.0,0,0,0,,,0,0,0,0,0
1528447422.0,21,1,1,2026-03-23,33.0,0,0,0,0,0
1356304232.0,0,0,0,,,0,0,0,0,0
1023383668.0,0,0,0,,,0,0,0,0,0
1982776225.0,2,1,1,2026-03-11,45.0,0,0,0,0,0
1962729343.0,0,0,0,,,0,0,0,0,0
1821038159.0,0,0,0,,,0,0,0,0,0
1275997165.0,0,0,0,,,0,0,0,0,0
1205258688.0,90,1,1,2026-03-19,37.0,0,0,0,0,0
1063157253.0,160,8,8,2026-04-02,23.0,0,1,1,1,1
1326206020.0,150,13,13,2026-04-08,17.0,0,1,0,1,0
1659766319.0,3173,19,19,2026-04-09,16.0,0,1,1,1,1
1962474635.0,147,9,8,2026-04-07,18.0,0,0,0,0,0
1548850597.0,45,7,7,2026-03-25,31.0,0,0,0,0,0
1245967918.0,214,8,8,2026-03-23,33.0,0,1,0,1,0
1396703534.0,120,8,7,2026-04-07,18.0,0,0,0,0,0
1780078857.0,146,17,17,2026-04-09,16.0,0,1,0,1,0
1841889458.0,1160,9,9,2026-04-03,22.0,0,1,0,1,0
1750464640.0,1653,7,7,2026-04-09,16.0,0,0,0,0,0
1639198385.0,1685,12,12,2026-04-08,17.0,0,1,0,1,0
1912181751.0,517,5,5,2026-04-01,24.0,0,0,0,0,0
1194866038.0,28,7,7,2026-04-03,22.0,0,0,0,0,0
1497706311.0,27,8,8,2026-03-31,25.0,0,0,0,0,0
1114983822.0,387,9,9,2026-04-03,22.0,0,0,0,0,0
1770748303.0,38,6,6,2026-04-06,19.0,0,0,0,0,0
1164486353.0,828,14,14,2026-04-09,16.0,0,1,0,1,0
1649257858.0,179,5,5,2026-03-30,26.0,0,1,0,1,0
1760269344.0,264,5,5,2026-04-01,24.0,1,1,1,1,1
1558910760.0,196,7,7,2026-04-03,22.0,0,0,0,0,0
1831257872.0,290,4,4,2026-03-31,25.0,0,1,0,1,0
1376563502.0,297,13,13,2026-04-09,16.0,0,1,0,1,0
1720270846.0,939,4,4,2026-03-31,25.0,0,0,0,0,0
1841275591.0,871,2,2,2026-03-31,25.0,0,0,0,0,0
1699270744.0,335,3,3,2026-03-25,31.0,0,0,0,0,0
1467853879.0,3624,9,9,2026-04-09,16.0,0,0,0,0,0
1699065763.0,1142,3,2,2026-04-05,20.0,0,0,0,0,0
1336169671.0,88,4,3,2026-02-26,58.0,0,0,0,0,0
1073801809.0,963,23,21,2026-04-08,17.0,0,1,0,1,0
1427186303.0,145,2,2,2026-03-20,36.0,0,1,1,1,1
1386876530.0,114,5,5,2026-04-06,19.0,0,0,0,0,0
1497848766.0,75,4,4,2026-04-02,23.0,0,0,0,0,0
1821083544.0,16,5,5,2026-03-19,37.0,0,1,0,1,0
1063058147.0,665,6,6,2026-03-19,37.0,0,1,0,1,0
1265497846.0,11,4,4,2026-04-03,22.0,0,0,0,0,0
1407598675.0,11,4,4,2026-03-30,26.0,0,0,0,0,0
1205246501.0,10,4,4,2026-03-25,31.0,0,0,0,0,0
1437545241.0,25,5,5,2026-03-09,47.0,0,0,0,0,0
1427795160.0,70,2,2,2026-04-03,22.0,0,0,0,0,0
1629728076.0,96,14,14,2026-04-03,22.0,0,0,0,0,0
1194019398.0,38,4,4,2026-03-17,39.0,0,0,0,0,0
1255952750.0,20,3,3,2026-03-18,38.0,0,0,0,0,0
1023548369.0,48,3,3,2026-03-28,28.0,1,1,1,1,1
1538976311.0,21,5,5,2026-04-04,21.0,0,0,0,0,0
1073509253.0,59,11,11,2026-03-31,25.0,1,1,1,1,1
1235208828.0,35,6,6,2026-03-03,53.0,0,0,0,0,0
1356664429.0,553,7,7,2026-04-08,17.0,1,1,1,1,1
1457839466.0,9,6,6,2026-04-08,17.0,0,0,0,0,0
1740803618.0,170,5,5,2026-03-31,25.0,0,0,0,0,0
1124538764.0,634,2,2,2026-03-20,36.0,0,0,0,0,0
1952656951.0,44,8,8,2026-03-27,29.0,0,0,0,0,0
1437647807.0,13,2,2,2026-04-01,24.0,0,0,0,0,0
1386171908.0,22,4,4,2026-04-06,19.0,0,0,0,0,0
1669835880.0,286,4,3,2026-03-20,36.0,0,0,0,0,0
1740549781.0,28,12,12,2026-04-10,15.0,0,0,0,0,0
1740536374.0,7,5,5,2026-03-26,30.0,0,0,0,0,0
1114284890.0,720,6,4,2026-04-10,15.0,0,0,0,0,0
1588717524.0,55,3,3,2026-04-07,18.0,0,0,0,0,0
1508027665.0,5,4,4,2026-02-12,72.0,0,0,0,0,0
1619728771.0,2,2,2,2026-03-05,51.0,0,0,0,0,0
1912016676.0,21,4,4,2026-03-13,43.0,0,1,1,1,1
1336602762.0,26,2,2,2026-04-02,23.0,0,0,0,0,0
1316928849.0,207,6,6,2026-04-09,16.0,0,0,0,0,0
1649769415.0,66,2,2,2026-04-03,22.0,0,0,0,0,0
1972093979.0,125,5,4,2026-04-09,16.0,1,1,1,1,1
1518939354.0,99,3,2,2026-03-03,53.0,0,0,0,0,0
1598081192.0,15,2,2,2026-03-19,37.0,0,0,0,0,0
1891416871.0,8,2,2,2026-03-12,44.0,0,0,0,0,0
1093374779.0,88,2,2,2026-03-27,29.0,0,0,0,0,0
1487032066.0,541,2,2,2026-04-06,19.0,1,1,1,1,1
1346873536.0,151,3,3,2026-01-16,99.0,0,0,0,0,0
1629500111.0,526,2,2,2026-03-31,25.0,1,1,1,1,1
1336013903.0,210,3,2,2026-03-27,29.0,1,1,1,1,1
1851667927.0,29,2,2,2026-04-02,23.0,0,1,1,1,1
1174286256.0,7,4,4,2026-02-27,57.0,0,0,0,0,0
1144380692.0,37,4,4,2026-04-02,23.0,0,0,0,0,0
1407899552.0,763,5,5,2026-04-09,16.0,0,0,0,0,0
1316032147.0,874,3,3,2026-03-30,26.0,0,0,0,0,0
1033662945.0,37,2,2,2026-04-02,23.0,0,0,0,0,0
1962660712.0,164,2,2,2026-04-10,15.0,0,1,0,1,0
1275341828.0,6,2,2,2026-02-25,59.0,1,1,1,1,1
1326364316.0,270,3,3,2026-03-27,29.0,0,0,0,0,0
1619559333.0,23,2,2,2026-02-13,71.0,0,0,0,0,0
1700015971.0,0,0,0,,,0,0,0,0,0
1750733739.0,0,0,0,,,0,0,0,0,0
1164927240.0,0,0,0,,,0,0,0,0,0
1447536461.0,0,0,0,,,0,0,0,0,0
1619169240.0,0,0,0,,,0,0,0,0,0
1720099542.0,0,0,0,,,0,0,0,0,0
1992467708.0,61,1,1,2026-04-09,16.0,0,0,0,0,0
1457462616.0,0,0,0,,,0,0,0,0,0
1053313080.0,0,0,0,,,0,0,0,0,0
1760711147.0,0,0,0,,,0,0,0,0,0
1518743707.0,1944,1,1,2026-03-27,29.0,0,1,1,1,1
1205213576.0,0,0,0,,,0,0,0,0,0
1245424613.0,1,1,1,2026-01-13,102.0,0,0,0,0,0
1194348516.0,0,0,0,,,0,0,0,0,0
1114933884.0,1,1,1,2026-02-14,70.0,0,1,0,1,0
1336303940.0,0,0,0,,,0,0,0,0,0
1821586348.0,0,0,0,,,0,0,0,0,0
1841769908.0,0,0,0,,,0,0,0,0,0
1033154463.0,0,0,0,,,0,0,0,0,0
1396555959.0,26,2,2,2026-04-06,19.0,0,0,0,0,0
1679022685.0,0,0,0,,,0,0,0,0,0
1013628635.0,0,0,0,,,0,0,0,0,0
1629285861.0,48,1,1,2026-01-14,101.0,0,0,0,0,0
1306272851.0,13,1,1,2026-03-05,51.0,0,0,0,0,0
1689613671.0,0,0,0,,,0,0,0,0,0
1831618941.0,0,0,0,,,0,0,0,0,0
1194877118.0,24,1,1,2026-04-02,23.0,0,0,0,0,0
1467652081.0,0,0,0,,,0,0,0,0,0
1043442585.0,0,0,0,,,0,0,0,0,0
1790435030.0,6,1,1,2026-03-13,43.0,0,0,0,0,0
1871125898.0,284,1,1,2026-03-31,25.0,0,0,0,0,0
1871756478.0,0,0,0,,,0,0,0,0,0
1023422870.0,0,0,0,,,0,0,0,0,0
1942056239.0,3,1,1,2026-03-13,43.0,0,0,0,0,0
1760820898.0,2,1,1,2026-04-06,19.0,0,0,0,0,0
1033397518.0,0,0,0,,,0,0,0,0,0
1306058029.0,0,0,0,,,0,0,0,0,0
1073137071.0,0,0,0,,,0,0,0,0,0
1033882840.0,307,3,2,2026-04-09,16.0,0,0,0,0,0
1568823060.0,42,2,2,2026-04-06,19.0,0,0,0,0,0
1497434419.0,2,1,1,2026-02-09,75.0,0,0,0,0,0
1194810499.0,0,0,0,,,0,0,0,0,0
1245217421.0,0,0,0,,,0,0,0,0,0
1437552130.0,0,0,0,,,0,0,0,0,0
1891478269.0,2,1,1,2026-03-24,32.0,0,0,0,0,0
1295131043.0,0,0,0,,,0,0,0,0,0
1285664920.0,0,0,0,,,0,0,0,0,0
1932965332.0,0,0,0,,,0,0,0,0,0
1841828324.0,0,0,0,,,0,0,0,0,0
1952939753.0,0,0,0,,,0,0,0,0,0
1619330156.0,528,1,1,2026-04-10,15.0,0,0,0,0,0
1497886238.0,593,2,1,2026-04-08,17.0,1,1,1,1,1
1720216492.0,0,0,0,,,0,0,0,0,0
1639347537.0,798,1,1,2026-03-29,27.0,0,1,1,1,1
1467165381.0,0,0,0,,,0,0,0,0,0
1063404861.0,0,0,0,,,0,0,0,0,0
1669499190.0,3,1,1,2026-01-13,102.0,0,0,0,0,0
1780850149.0,0,0,0,,,0,0,0,0,0
1245260314.0,0,0,0,,,0,0,0,0,0
1053178251.0,0,0,0,,,0,0,0,0,0
1942063292.0,556,1,1,2026-04-02,23.0,0,0,0,0,0
1003217084.0,13,1,1,2026-02-27,57.0,0,0,0,0,0
1033280102.0,0,0,0,,,0,0,0,0,0
1659798528.0,0,0,0,,,0,0,0,0,0
1790353985.0,3,1,1,2026-03-18,38.0,0,0,0,0,0
1073958724.0,0,0,0,,,0,0,0,0,0
1447689385.0,0,0,0,,,0,0,0,0,0
1225176712.0,0,0,0,,,0,0,0,0,0
1871326371.0,70,1,1,2026-04-07,18.0,0,0,0,0,0
1982719829.0,28,2,2,2026-04-01,24.0,1,1,1,1,1
1447042767.0,168,1,1,2026-04-06,19.0,1,1,1,1,1
1023577962.0,0,0,0,,,0,0,0,0,0
1043474349.0,0,0,0,,,0,0,0,0,0
1053383869.0,0,0,0,,,0,0,0,0,0
1316334634.0,0,0,0,,,0,0,0,0,0
1386038693.0,0,0,0,,,0,0,0,0,0
1568837904.0,0,0,0,,,0,0,0,0,0
1558530774.0,0,0,0,,,0,0,0,0,0
1053490177.0,0,0,0,,,0,0,0,0,0
1396039368.0,8,1,1,2026-01-15,100.0,0,1,1,1,1
1053087296.0,0,0,0,,,0,0,0,0,0
1831883008.0,10,1,1,2026-04-03,22.0,0,0,0,0,0
1770815730.0,0,0,0,,,0,0,0,0,0
1104374388.0,0,0,0,,,0,0,0,0,0
1972159929.0,4,2,1,2026-03-02,54.0,0,0,0,0,0
1992993190.0,9,1,1,2026-03-10,46.0,0,0,0,0,0
1417562323.0,3,1,1,2026-03-13,43.0,0,0,0,0,0
1215984786.0,0,0,0,,,0,0,0,0,0
1356752737.0,1,1,1,2026-02-27,57.0,0,0,0,0,0
1619123130.0,0,0,0,,,0,0,0,0,0
1881708923.0,0,0,0,,,0,0,0,0,0
1912934902.0,84,1,1,2026-04-05,20.0,0,0,0,0,0
1073623567.0,72,1,1,2026-03-31,25.0,0,0,0,0,0
1144793001.0,4,1,1,2026-01-30,85.0,0,0,0,0,0
1023124849.0,0,0,0,,,0,0,0,0,0
1326075318.0,0,0,0,,,0,0,0,0,0
1750386439.0,1,1,1,2026-03-08,48.0,0,0,0,0,0
1356996144.0,29,1,1,2026-03-25,31.0,0,0,0,0,0
1376967612.0,0,0,0,,,0,0,0,0,0
1053188094.0,0,0,0,,,0,0,0,0,0
1043577927.0,119,1,1,2026-04-01,24.0,0,0,0,0,0
1487034435.0,11,1,1,2026-03-14,42.0,0,0,0,0,0
1992076525.0,0,0,0,,,0,0,0,0,0
1801887823.0,10,1,1,2026-03-12,44.0,0,0,0,0,0
1023070851.0,0,0,0,,,0,0,0,0,0
1144779281.0,1,1,1,2026-01-16,99.0,0,0,0,0,0
1992924807.0,0,0,0,,,0,0,0,0,0
1982706487.0,0,0,0,,,0,0,0,0,0
1841772308.0,48,1,1,2026-04-01,24.0,1,1,1,1,1
1396882494.0,5,1,1,2026-02-26,58.0,0,1,0,1,0
1033631858.0,0,0,0,,,0,0,0,0,0
1386717171.0,0,0,0,,,0,0,0,0,0
1245475417.0,15,1,1,2026-03-10,46.0,0,0,0,0,0
1053304816.0,0,0,0,,,0,0,0,0,0
1336349125.0,0,0,0,,,0,0,0,0,0
1861757676.0,187,1,1,2026-04-02,23.0,0,0,0,0,0
1033508858.0,0,0,0,,,0,0,0,0,0
1104052125.0,0,0,0,,,0,0,0,0,0
1093063745.0,4,1,1,2026-03-16,40.0,1,1,1,1,1
1609063544.0,0,0,0,,,0,0,0,0,0
1043475148.0,0,0,0,,,0,0,0,0,0
1154766905.0,2,1,1,2026-04-03,22.0,0,0,0,0,0
1073047536.0,0,0,0,,,0,0,0,0,0
1043365794.0,0,0,0,,,0,0,0,0,0
1750608014.0,0,0,0,,,0,0,0,0,0
1821170861.0,0,0,0,,,0,0,0,0,0
1407957814.0,0,0,0,,,0,0,0,0,0
1073176715.0,1,1,1,2026-01-19,96.0,0,0,0,0,0
1679079305.0,166,1,1,2026-03-26,30.0,0,0,0,0,0
1063831758.0,0,0,0,,,0,0,0,0,0
1659002871.0,1,1,1,2026-02-18,66.0,0,0,0,0,0
1437597739.0,485,1,1,2026-03-19,37.0,0,0,0,0,0
1154480705.0,3,1,1,2026-03-12,44.0,0,0,0,0,0
1669962627.0,0,0,0,,,0,0,0,0,0
1295118776.0,0,0,0,,,0,0,0,0,0
1659432193.0,58,4,3,2026-04-07,18.0,0,0,0,0,0
1518161231.0,36,1,1,2026-04-02,23.0,0,0,0,0,0
1669951091.0,0,0,0,,,0,0,0,0,0
1699269191.0,34,1,1,2026-04-07,18.0,0,0,0,0,0
1528683208.0,1,1,1,2026-04-07,18.0,0,0,0,0,0
1043216443.0,0,0,0,,,0,0,0,0,0
1548853054.0,0,0,0,,,0,0,0,0,0
1033493267.0,0,0,0,,,0,0,0,0,0
1063080240.0,0,0,0,,,0,0,0,0,0
1033571211.0,3,2,2,2026-02-11,73.0,0,0,0,0,0
1356662894.0,0,0,0,,,0,0,0,0,0
1073976411.0,0,0,0,,,0,0,0,0,0
1831602556.0,0,0,0,,,0,0,0,0,0
1396709747.0,0,0,0,,,0,0,0,0,0
1023265014.0,0,0,0,,,0,0,0,0,0
1295274850.0,0,0,0,,,0,0,0,0,0
1548950447.0,0,0,0,,,0,0,0,0,0
1033397161.0,0,0,0,,,0,0,0,0,0
1215022009.0,658,1,1,2026-03-27,29.0,0,0,0,0,0
1598317919.0,0,0,0,,,0,0,0,0,0
1932099777.0,0,0,0,,,0,0,0,0,0
1417835430.0,0,0,0,,,0,0,0,0,0
1073135190.0,0,0,0,,,0,0,0,0,0
1740988906.0,0,0,0,,,0,0,0,0,0
1326429127.0,0,0,0,,,0,0,0,0,0
1083782528.0,0,0,0,,,0,0,0,0,0
1992213110.0,35,1,1,2026-04-07,18.0,0,0,0,0,0
1467718049.0,1392,31,29,2026-04-09,16.0,0,1,0,1,0
1437350774.0,592,11,11,2026-04-07,18.0,0,0,0,0,0
1437196961.0,120,8,8,2026-03-31,25.0,0,0,0,0,0
1447566971.0,1626,24,23,2026-03-31,25.0,0,0,0,0,0
1184940363.0,374,5,5,2026-04-07,18.0,0,1,0,1,0
1093120453.0,117,9,9,2026-04-09,16.0,0,0,0,0,0
1609834621.0,574,11,11,2026-04-08,17.0,0,0,0,0,0
1366633182.0,122,13,13,2026-03-22,34.0,0,0,0,0,0
1801390786.0,3,2,2,2026-01-27,88.0,0,0,0,0,0
1114900644.0,17,5,5,2026-04-08,17.0,0,0,0,0,0
1467439513.0,764,13,13,2026-04-09,16.0,0,0,0,0,0
1538192851.0,23,9,9,2026-03-31,25.0,0,1,0,1,0
1275169112.0,44,10,10,2026-04-04,21.0,0,0,0,0,0
1174510655.0,26,6,6,2026-04-02,23.0,0,0,0,0,0
1811055619.0,49,6,6,2026-03-30,26.0,0,0,0,0,0
1154357085.0,458,10,10,2026-04-08,17.0,1,1,1,1,1
1669587879.0,4287,22,21,2026-04-09,16.0,0,1,0,1,0
1417338245.0,255,15,15,2026-04-09,16.0,0,1,0,1,0
1780280875.0,190,13,13,2026-04-04,21.0,0,1,1,1,1
1891256509.0,403,5,4,2026-04-08,17.0,0,0,0,0,0
1538112198.0,85,16,16,2026-03-26,30.0,0,0,0,0,0
1356491351.0,1062,11,10,2026-04-08,17.0,0,1,0,1,0
1770517773.0,1277,5,5,2026-04-10,15.0,0,0,0,0,0
1477902161.0,785,14,14,2026-04-07,18.0,0,0,0,0,0
1285663419.0,115,4,4,2026-03-25,31.0,0,0,0,0,0
1255436093.0,1392,7,7,2026-03-27,29.0,1,1,1,1,1
1356653729.0,4142,5,4,2026-03-27,29.0,0,0,0,0,0
1407243207.0,4473,4,4,2026-03-30,26.0,1,1,1,1,1
1760794366.0,1775,9,9,2026-04-06,19.0,0,1,0,1,0
1801419247.0,117,6,6,2026-04-07,18.0,0,1,1,1,1
1629014790.0,1532,14,13,2026-04-09,16.0,1,1,1,1,1
1871207928.0,1436,9,7,2026-04-08,17.0,0,0,0,0,0
1811483423.0,518,12,12,2026-04-10,15.0,0,1,0,1,0
1104822097.0,56,5,5,2026-04-01,24.0,0,0,0,0,0
1235405705.0,317,5,4,2026-04-09,16.0,0,0,0,0,0
1558654095.0,271,11,9,2026-04-02,23.0,0,0,0,0,0
1013208495.0,14,3,3,2026-04-01,24.0,0,0,0,0,0
1033616909.0,119,8,8,2026-04-06,19.0,0,0,0,0,0
1336582246.0,767,14,13,2026-04-08,17.0,1,1,1,1,1
1881648970.0,2168,8,8,2026-04-09,16.0,0,0,0,0,0
1679779052.0,42,10,10,2026-04-09,16.0,0,1,0,1,0
1598543811.0,60,8,8,2026-03-17,39.0,0,1,1,1,1
1588656573.0,155,13,13,2026-03-31,25.0,0,0,0,0,0
1295248110.0,1246,5,5,2026-04-01,24.0,0,0,0,0,0
1578519476.0,1239,5,5,2026-04-10,15.0,0,0,0,0,0
1548589856.0,204,2,2,2026-03-25,31.0,0,0,0,0,0
1053536805.0,72,6,6,2026-03-30,26.0,0,0,0,0,0
1942874508.0,1040,5,4,2026-04-08,17.0,0,0,0,0,0
1922766195.0,85,9,9,2026-03-22,34.0,0,0,0,0,0
1710101654.0,721,10,10,2026-04-06,19.0,0,0,0,0,0
1609499052.0,556,5,4,2026-03-30,26.0,0,0,0,0,0
1417242553.0,14,3,3,2026-03-31,25.0,0,0,0,0,0
1679557813.0,31,3,3,2026-03-31,25.0,0,0,0,0,0
1417116955.0,19,3,3,2026-03-22,34.0,0,0,0,0,0
1225053523.0,203,9,9,2026-04-06,19.0,0,0,0,0,0
1710177944.0,1330,12,11,2026-04-09,16.0,0,0,0,0,0
1285705665.0,1174,3,3,2026-03-29,27.0,0,0,0,0,0
1194449579.0,4,3,3,2026-03-23,33.0,0,0,0,0,0
1265543680.0,1221,4,4,2026-04-06,19.0,0,0,0,0,0
1366900904.0,545,3,3,2026-04-08,17.0,0,1,0,1,0
1548252646.0,1812,5,4,2026-04-03,22.0,0,0,0,0,0
1225006935.0,406,10,10,2026-04-07,18.0,1,1,1,1,1
1144028770.0,228,7,7,2026-04-03,22.0,1,1,1,1,1
1023227659.0,7,2,2,2026-03-15,41.0,0,1,1,1,1
1750770673.0,9,2,2,2026-03-30,26.0,0,0,0,0,0
1730801218.0,208,3,3,2026-02-26,58.0,0,0,0,0,0
1255714390.0,18,3,3,2026-03-13,43.0,0,0,0,0,0
1427184597.0,15,5,5,2026-03-13,43.0,0,0,0,0,0
1851644512.0,556,3,2,2026-04-08,17.0,0,0,0,0,0
1811100662.0,34463,3,3,2026-03-26,30.0,1,1,1,1,1
1023668209.0,392,3,3,2026-04-02,23.0,0,0,0,0,0
1841391315.0,72,4,4,2026-03-30,26.0,0,0,0,0,0
1629256573.0,15,6,6,2026-04-03,22.0,0,0,0,0,0
1639154305.0,101,2,2,2026-03-04,52.0,0,0,0,0,0
1568665164.0,231,3,2,2026-04-07,18.0,0,1,0,1,0
1053040162.0,10,3,3,2026-03-03,53.0,0,1,0,1,0
1083142715.0,7,5,5,2026-03-23,33.0,0,0,0,0,0
1063496339.0,722,4,4,2026-04-08,17.0,0,0,0,0,0
1821590530.0,67,2,2,2026-03-13,43.0,0,0,0,0,0
1275643777.0,6,2,2,2026-04-07,18.0,0,0,0,0,0
1346875804.0,10,2,2,2026-04-01,24.0,0,0,0,0,0
1699970632.0,69,5,3,2026-03-17,39.0,1,1,1,1,1
1891752275.0,5,2,2,2026-03-14,42.0,0,0,0,0,0
1538230222.0,540,2,2,2026-02-12,72.0,0,1,1,1,1
1932186210.0,7,2,2,2026-03-10,46.0,0,0,0,0,0
1558454959.0,28,2,2,2026-02-19,65.0,0,1,1,1,1
1851619423.0,90,4,4,2026-03-31,25.0,0,0,0,0,0
1952762239.0,12,2,2,2026-03-19,37.0,0,0,0,0,0
1689801649.0,0,0,0,,,0,0,0,0,0
1740913359.0,0,0,0,,,0,0,0,0,0
1194733667.0,1,1,1,2026-03-23,33.0,0,0,0,0,0
1063238574.0,333,1,1,2026-04-10,15.0,0,0,0,0,0
1710736608.0,58,2,1,2026-04-07,18.0,0,0,0,0,0
1023321692.0,0,0,0,,,0,0,0,0,0
1346045754.0,0,0,0,,,0,0,0,0,0
1538810577.0,0,0,0,,,0,0,0,0,0
1023142676.0,0,0,0,,,0,0,0,0,0
1033642897.0,0,0,0,,,0,0,0,0,0
1053431841.0,0,0,0,,,0,0,0,0,0
1043715584.0,0,0,0,,,0,0,0,0,0
1629471008.0,0,0,0,,,0,0,0,0,0
1043261746.0,0,0,0,,,0,0,0,0,0
1134699077.0,15,1,1,2026-04-02,23.0,0,0,0,0,0
1275952517.0,0,0,0,,,0,0,0,0,0
1891464236.0,0,0,0,,,0,0,0,0,0
1356970685.0,0,0,0,,,0,0,0,0,0
1063067304.0,0,0,0,,,0,0,0,0,0
1093008963.0,159,1,1,2026-04-10,15.0,0,1,1,1,1
1154187391.0,3,1,1,2026-03-02,54.0,0,1,0,1,0
1154729788.0,6,1,1,2026-02-26,58.0,0,0,0,0,0
1710305123.0,1,1,1,2026-03-13,43.0,0,0,0,0,0
1194144477.0,14,1,1,2026-04-03,22.0,0,0,0,0,0
1043777097.0,0,0,0,,,0,0,0,0,0
1275503690.0,0,0,0,,,0,0,0,0,0
1033537154.0,0,0,0,,,0,0,0,0,0
1093377210.0,0,0,0,,,0,0,0,0,0
1104013481.0,4,1,1,2026-01-28,87.0,0,1,0,1,0
1710499751.0,0,0,0,,,0,0,0,0,0
1376113563.0,55,1,1,2026-03-23,33.0,0,0,0,0,0
1942490792.0,772,1,1,2026-04-09,16.0,0,0,0,0,0
1053303040.0,2,1,1,2026-01-17,98.0,0,0,0,0,0
1326492281.0,0,0,0,,,0,0,0,0,0
1023506458.0,0,0,0,,,0,0,0,0,0
1992955165.0,0,0,0,,,0,0,0,0,0
1457677254.0,0,0,0,,,0,0,0,0,0
1760484604.0,0,0,0,,,0,0,0,0,0
1760127732.0,290,3,2,2026-04-06,19.0,0,1,0,1,0
1639330640.0,0,0,0,,,0,0,0,0,0
1588497648.0,2,1,1,2026-03-26,30.0,0,0,0,0,0
1306928619.0,0,0,0,,,0,0,0,0,0
1134395072.0,0,0,0,,,0,0,0,0,0
1639298433.0,3,1,1,2026-03-17,39.0,0,0,0,0,0
1053690099.0,0,0,0,,,0,0,0,0,0
1609362698.0,280,1,1,2026-04-09,16.0,0,0,0,0,0
1265804207.0,1,1,1,2026-04-08,17.0,0,0,0,0,0
1366468803.0,0,0,0,,,0,0,0,0,0
1811450703.0,0,0,0,,,0,0,0,0,0
1336138379.0,0,0,0,,,0,0,0,0,0
1437705019.0,0,0,0,,,0,0,0,0,0
1093922023.0,0,0,0,,,0,0,0,0,0
1013738483.0,0,0,0,,,0,0,0,0,0
1437800455.0,0,0,0,,,0,0,0,0,0
1760931190.0,0,0,0,,,0,0,0,0,0
1326126889.0,0,0,0,,,0,0,0,0,0
1801401716.0,7,1,1,2026-03-23,33.0,0,0,0,0,0
1053369769.0,0,0,0,,,0,0,0,0,0
1770982233.0,0,0,0,,,0,0,0,0,0
1164114377.0,0,0,0,,,0,0,0,0,0
1346447612.0,0,0,0,,,0,0,0,0,0
1073927273.0,0,0,0,,,0,0,0,0,0
1891575460.0,0,0,0,,,0,0,0,0,0
1922427822.0,0,0,0,,,0,0,0,0,0
1033123955.0,0,0,0,,,0,0,0,0,0
1528645694.0,7,1,1,2026-03-11,45.0,0,0,0,0,0
1942371901.0,0,0,0,,,0,0,0,0,0
1053397224.0,0,0,0,,,0,0,0,0,0
1912585571.0,70,1,1,2026-04-04,21.0,0,0,0,0,0
1033415104.0,0,0,0,,,0,0,0,0,0
1033186861.0,0,0,0,,,0,0,0,0,0
1902344799.0,0,0,0,,,0,0,0,0,0
1053654277.0,0,0,0,,,0,0,0,0,0
1073014916.0,0,0,0,,,0,0,0,0,0
1811253750.0,0,0,0,,,0,0,0,0,0
1568447019.0,6,1,1,2026-04-03,22.0,0,1,0,1,0
1457925026.0,0,0,0,,,0,0,0,0,0
1093219099.0,0,0,0,,,0,0,0,0,0
1073019956.0,0,0,0,,,0,0,0,0,0
1205480704.0,1,1,1,2026-03-12,44.0,0,0,0,0,0
1366460404.0,0,0,0,,,0,0,0,0,0
1598791964.0,823,1,1,2026-03-26,30.0,0,0,0,0,0
1114924321.0,0,0,0,,,0,0,0,0,0
1053756197.0,0,0,0,,,0,0,0,0,0
1306342498.0,259,1,1,2026-04-07,18.0,1,1,1,1,1
1558416073.0,0,0,0,,,0,0,0,0,0
1487110060.0,0,0,0,,,0,0,0,0,0
1518504208.0,805,1,1,2026-04-02,23.0,0,0,0,0,0
1841869823.0,63,1,1,2026-04-07,18.0,0,1,0,1,0
1043443088.0,0,0,0,,,0,0,0,0,0
1427547546.0,0,0,0,,,0,0,0,0,0
1932360005.0,24,2,1,2026-02-20,64.0,0,0,0,0,0
1104805241.0,0,0,0,,,0,0,0,0,0
1063821676.0,0,0,0,,,0,0,0,0,0
1821244658.0,384,1,1,2026-04-08,17.0,0,0,0,0,0
1205919867.0,0,0,0,,,0,0,0,0,0
1245705235.0,0,0,0,,,0,0,0,0,0
1508101353.0,0,0,0,,,0,0,0,0,0
1629213541.0,1,1,1,2026-03-13,43.0,0,0,0,0,0
1083769491.0,0,0,0,,,0,0,0,0,0
1841851516.0,0,0,0,,,0,0,0,0,0
1164478178.0,0,0,0,,,0,0,0,0,0
1174563985.0,0,0,0,,,0,0,0,0,0
1316667314.0,443,1,1,2026-04-08,17.0,0,0,0,0,0
1447219746.0,23,2,1,2026-03-13,43.0,0,0,0,0,0
1023376647.0,0,0,0,,,0,0,0,0,0
1982003489.0,0,0,0,,,0,0,0,0,0
1255014551.0,0,0,0,,,0,0,0,0,0
1912953480.0,431,1,1,2026-04-10,15.0,0,0,0,0,0
1952310286.0,0,0,0,,,0,0,0,0,0
1487753422.0,0,0,0,,,0,0,0,0,0
1356705693.0,0,0,0,,,0,0,0,0,0
1699380469.0,0,0,0,,,0,0,0,0,0
1184309783.0,0,0,0,,,0,0,0,0,0
1346614724.0,0,0,0,,,0,0,0,0,0
1801097001.0,1,1,1,2026-03-25,31.0,0,1,0,1,0
1285038307.0,0,0,0,,,0,0,0,0,0
1265958821.0,120,1,1,2026-03-31,25.0,0,0,0,0,0
,0,0,0,,,0,0,0,0,0
1023453453.0,0,0,0,,,0,0,0,0,0
1265719926.0,0,0,0,,,0,0,0,0,0
1417129792.0,6,1,1,2026-01-30,85.0,0,0,0,0,0
1114061538.0,0,0,0,,,0,0,0,0,0
1053524777.0,0,0,0,,,0,0,0,0,0
1689199804.0,0,0,0,,,0,0,0,0,0
1164676938.0,0,0,0,,,0,0,0,0,0
1700522588.0,42,1,1,2026-01-09,106.0,0,0,0,0,0
1922191220.0,383,1,1,2026-03-31,25.0,0,0,0,0,0
1619849296.0,345,1,1,2026-04-10,15.0,0,0,0,0,0
1144315722.0,16,1,1,2026-03-23,33.0,0,0,0,0,0
1710690219.0,0,0,0,,,0,0,0,0,0
1588975049.0,45,1,1,2026-03-26,30.0,0,1,1,1,1
1376851196.0,0,0,0,,,0,0,0,0,0
1760840417.0,0,0,0,,,0,0,0,0,0
1417325853.0,59,1,1,2026-04-06,19.0,0,0,0,0,0
1972938579.0,35,1,1,2026-03-11,45.0,0,0,0,0,0
1033147772.0,0,0,0,,,0,0,0,0,0
1811443039.0,0,0,0,,,0,0,0,0,0
1679535314.0,1176,1,1,2026-03-31,25.0,0,0,0,0,0
1396265682.0,159,11,11,2026-04-06,19.0,0,1,1,1,1
1053846535.0,314,14,14,2026-04-07,18.0,0,1,1,1,1
1700298023.0,336,12,9,2026-04-01,24.0,0,1,0,1,0
1366883522.0,151,9,8,2026-04-07,18.0,0,0,0,0,0
1003952995.0,275,9,9,2026-04-01,24.0,0,0,0,0,0
1265877096.0,29,9,9,2026-04-02,23.0,0,0,0,0,0
1174783336.0,3105,7,7,2026-03-25,31.0,0,1,1,1,1
1366685612.0,278,7,6,2026-04-06,19.0,0,0,0,0,0
1215399092.0,26885,31,30,2026-04-09,16.0,0,0,0,0,0
1538778337.0,53,9,9,2026-04-08,17.0,0,1,1,1,1
1710191184.0,117,20,20,2026-04-10,15.0,0,0,0,0,0
1205356821.0,8,6,6,2026-03-18,38.0,0,0,0,0,0
1003804550.0,88,10,10,2026-04-06,19.0,0,1,0,1,0
1932207859.0,158,20,20,2026-04-09,16.0,0,1,0,1,0
1578746350.0,3588,29,28,2026-04-10,15.0,0,1,0,1,0
1225028376.0,162,12,12,2026-04-07,18.0,0,0,0,0,0
1073142915.0,412,3,2,2026-03-30,26.0,1,1,1,1,1
1558979682.0,531,6,6,2026-04-10,15.0,0,0,0,0,0
1093910341.0,861,17,16,2026-04-08,17.0,0,0,0,0,0
1376691147.0,117,9,9,2026-04-03,22.0,0,0,0,0,0
1003929027.0,444,10,9,2026-04-06,19.0,0,0,0,0,0
1932772654.0,737,10,10,2026-03-31,25.0,0,0,0,0,0
1619404613.0,296,14,13,2026-04-06,19.0,0,1,1,1,1
1720439672.0,2817,2,2,2026-03-31,25.0,0,0,0,0,0
1841583473.0,958,10,9,2026-03-30,26.0,0,0,0,0,0
1922068543.0,21,5,5,2026-04-03,22.0,0,0,0,0,0
1730500562.0,158,14,14,2026-04-08,17.0,0,0,0,0,0
1699867895.0,103,7,7,2026-04-02,23.0,0,0,0,0,0
1518057686.0,468,8,7,2026-03-25,31.0,0,1,1,1,1
1487921664.0,277,7,6,2026-03-31,25.0,0,0,0,0,0
1518035997.0,758,25,25,2026-04-08,17.0,0,1,0,1,0
1083270672.0,14,3,3,2026-03-11,45.0,0,0,0,0,0
1619351657.0,223,10,8,2026-04-03,22.0,1,1,1,1,1
1336778448.0,275,8,8,2026-04-08,17.0,0,0,0,0,0
1568882595.0,216,7,6,2026-03-24,32.0,0,1,0,1,0
1922042332.0,92,7,7,2026-04-06,19.0,0,1,0,1,0
1407198120.0,178,10,10,2026-04-09,16.0,0,0,0,0,0
1396623880.0,32,10,10,2026-03-20,36.0,0,0,0,0,0
1821258773.0,393,13,11,2026-03-24,32.0,0,1,0,1,0
1083291587.0,196,4,4,2026-03-26,30.0,0,0,0,0,0
1326275348.0,678,10,9,2026-04-08,17.0,0,1,0,1,0
1609343102.0,270,4,4,2026-04-02,23.0,0,0,0,0,0
1609184761.0,167,3,3,2026-04-06,19.0,0,0,0,0,0
1376049130.0,101,13,13,2026-04-03,22.0,0,0,0,0,0
1154748176.0,1065,9,8,2026-04-08,17.0,0,0,0,0,0
1609294651.0,16,3,3,2026-03-06,50.0,0,0,0,0,0
1629066097.0,2847,13,13,2026-04-09,16.0,0,0,0,0,0
1790043362.0,19,4,4,2026-03-26,30.0,0,0,0,0,0
1689745820.0,56,5,5,2026-04-02,23.0,0,0,0,0,0
1417990276.0,422,4,4,2026-04-08,17.0,0,1,0,1,0
1093936205.0,165,10,10,2026-04-07,18.0,1,1,1,1,1
1316621584.0,275,6,5,2026-03-30,26.0,0,1,0,1,0
1245294727.0,970,9,8,2026-04-01,24.0,0,1,1,1,1
1619073681.0,42,8,8,2026-04-04,21.0,0,0,0,0,0
1063455475.0,16,5,5,2026-04-08,17.0,0,0,0,0,0
1538809579.0,107,3,3,2026-03-26,30.0,0,1,1,1,1
1427549435.0,5,5,5,2026-03-30,26.0,0,0,0,0,0
1467908053.0,368,3,2,2026-03-31,25.0,0,1,0,1,0
1093241150.0,416,6,6,2026-03-26,30.0,0,0,0,0,0
1740951896.0,126,2,2,2026-04-09,16.0,1,1,1,1,1
1356791966.0,1559,5,5,2026-04-05,20.0,1,1,1,1,1
1245379288.0,184,12,12,2026-04-06,19.0,0,0,0,0,0
1073653705.0,10,4,4,2026-03-25,31.0,0,0,0,0,0
1073225967.0,99,3,3,2026-04-10,15.0,0,0,0,0,0
1265182240.0,8,2,2,2026-04-09,16.0,0,0,0,0,0
1760836399.0,42,4,4,2026-04-08,17.0,0,0,0,0,0
1306959044.0,84,5,5,2026-03-24,32.0,0,1,1,1,1
1548255201.0,7125,3,3,2026-04-06,19.0,1,1,1,1,1
1235220120.0,3362,9,9,2026-04-06,19.0,0,0,0,0,0
1699857854.0,72,2,2,2026-01-19,96.0,0,0,0,0,0
1043622897.0,4,4,4,2026-03-10,46.0,0,0,0,0,0
1629055868.0,70,2,2,2026-04-07,18.0,0,1,0,1,0
1841216645.0,152,4,4,2026-04-02,23.0,1,1,1,1,1
1194743344.0,22,4,4,2026-03-27,29.0,0,1,1,1,1
1215399910.0,470,7,7,2026-04-06,19.0,0,0,0,0,0
1831718659.0,420,6,5,2026-03-31,25.0,0,1,1,1,1
1811286222.0,27,7,7,2026-03-20,36.0,0,0,0,0,0
1457856841.0,112,4,4,2026-03-30,26.0,0,0,0,0,0
1154559672.0,1475,3,3,2026-04-03,22.0,0,0,0,0,0
1134624448.0,246,5,5,2026-04-05,20.0,0,0,0,0,0
1922480680.0,387,2,2,2026-03-26,30.0,0,0,0,0,0
1831520030.0,3,2,2,2026-02-08,76.0,0,1,0,1,0
1427203199.0,14,2,2,2026-03-06,50.0,0,0,0,0,0
1063599835.0,11,3,3,2026-03-24,32.0,0,0,0,0,0
1588064208.0,22,2,2,2026-03-13,43.0,0,0,0,0,0
1518025402.0,35,4,4,2026-04-06,19.0,0,0,0,0,0
1760833198.0,574,4,4,2026-04-08,17.0,0,0,0,0,0
1003388919.0,17,4,4,2026-03-24,32.0,0,0,0,0,0
1902257009.0,222,4,4,2026-04-07,18.0,0,0,0,0,0
1528387941.0,17,5,5,2026-04-06,19.0,0,0,0,0,0
1902692627.0,9,4,4,2026-03-10,46.0,0,0,0,0,0
1366476905.0,65,3,3,2026-04-03,22.0,0,0,0,0,0
1225096209.0,7,3,3,2026-03-16,40.0,0,0,0,0,0
1548374960.0,14,3,3,2026-04-03,22.0,1,1,1,1,1
1295804425.0,10,4,4,2026-04-04,21.0,0,0,0,0,0
1689647190.0,56,3,3,2026-03-22,34.0,0,0,0,0,0
1518739481.0,643,4,4,2026-03-20,36.0,0,0,0,0,0
1750123394.0,1434,2,2,2026-04-07,18.0,0,0,0,0,0
1356967996.0,9,2,2,2026-03-18,38.0,0,0,0,0,0
1508067398.0,445,2,2,2026-04-03,22.0,0,0,0,0,0
1295283638.0,315,2,2,2026-03-13,43.0,0,0,0,0,0
1619603388.0,315,2,2,2026-04-08,17.0,1,1,1,1,1
1356344626.0,43,2,2,2026-04-06,19.0,1,1,1,1,1
1336199868.0,153,3,2,2026-04-09,16.0,0,1,0,1,0
1447472956.0,109,4,4,2026-03-23,33.0,0,0,0,0,0
1114793551.0,20,2,2,2026-03-20,36.0,0,1,0,1,0
1518278563.0,115,3,3,2026-03-30,26.0,0,0,0,0,0
1578050316.0,10,2,2,2026-03-30,26.0,0,0,0,0,0
1861829392.0,8,2,2,2026-03-25,31.0,0,0,0,0,0
1144224429.0,3,2,2,2026-02-26,58.0,0,0,0,0,0
1114377199.0,204,2,2,2026-03-27,29.0,0,0,0,0,0
1780621011.0,69,2,2,2026-04-06,19.0,0,0,0,0,0
1013668607.0,3,2,2,2026-01-31,84.0,0,0,0,0,0
1902626716.0,0,0,0,,,0,0,0,0,0
1295881381.0,0,0,0,,,0,0,0,0,0
1891767687.0,3,1,1,2026-03-03,53.0,0,1,0,1,0
1043277635.0,0,0,0,,,0,0,0,0,0
1104815471.0,0,0,0,,,0,0,0,0,0
1396437521.0,65,1,1,2026-03-31,25.0,0,0,0,0,0
1083296735.0,0,0,0,,,0,0,0,0,0
1316945306.0,0,0,0,,,0,0,0,0,0
1083473623.0,2,2,1,2026-03-30,26.0,0,0,0,0,0
1033739438.0,0,0,0,,,0,0,0,0,0
1306438031.0,3,1,1,2026-03-09,47.0,0,1,0,1,0
1063619005.0,6,1,1,2026-02-10,74.0,0,0,0,0,0
1033796461.0,0,0,0,,,0,0,0,0,0
1548869019.0,0,0,0,,,0,0,0,0,0
1336923101.0,0,0,0,,,0,0,0,0,0
1114618931.0,3,2,2,2026-03-19,37.0,0,0,0,0,0
1669515730.0,4,2,2,2026-02-03,81.0,1,1,1,1,1
1265059919.0,11,1,1,2026-03-17,39.0,0,0,0,0,0
1932716172.0,0,0,0,,,0,0,0,0,0
1497164347.0,51,1,1,2026-04-01,24.0,1,1,1,1,1
1538256896.0,0,0,0,,,0,0,0,0,0
1184913907.0,0,0,0,,,0,0,0,0,0
1538599378.0,1,1,1,2026-02-15,69.0,0,0,0,0,0
1144978685.0,0,0,0,,,0,0,0,0,0
1821572702.0,0,0,0,,,0,0,0,0,0
1659777464.0,0,0,0,,,0,0,0,0,0
1780059493.0,14,1,1,2026-04-06,19.0,0,0,0,0,0
1053679621.0,3,2,2,2026-03-03,53.0,0,0,0,0,0
1609370170.0,0,0,0,,,0,0,0,0,0
1528030459.0,0,0,0,,,0,0,0,0,0
1972847093.0,0,0,0,,,0,0,0,0,0
1396924684.0,0,0,0,,,0,0,0,0,0
1336120419.0,0,0,0,,,0,0,0,0,0
1114094711.0,0,0,0,,,0,0,0,0,0
1154303535.0,0,0,0,,,0,0,0,0,0
1972123289.0,0,0,0,,,0,0,0,0,0
1396261871.0,0,0,0,,,0,0,0,0,0
1760202238.0,0,0,0,,,0,0,0,0,0
1811028277.0,0,0,0,,,0,0,0,0,0
1417693904.0,635,1,1,2026-04-06,19.0,0,0,0,0,0
1033199450.0,1285,1,1,2026-03-31,25.0,0,0,0,0,0
1356401228.0,772,1,1,2026-03-31,25.0,0,0,0,0,0
1649412255.0,281,1,1,2026-04-08,17.0,0,0,0,0,0
1972982437.0,0,0,0,,,0,0,0,0,0
1760582555.0,0,0,0,,,0,0,0,0,0
1447621776.0,3,1,1,2026-02-13,71.0,0,0,0,0,0
1053055699.0,0,0,0,,,0,0,0,0,0
1528098134.0,2,1,1,2026-02-21,63.0,0,0,0,0,0
1447719455.0,0,0,0,,,0,0,0,0,0
1114148020.0,71,1,1,2026-01-27,88.0,0,0,0,0,0
1295295913.0,8,1,1,2026-02-26,58.0,0,0,0,0,0
1770734592.0,2,1,1,2026-02-12,72.0,0,0,0,0,0
1104246107.0,0,0,0,,,0,0,0,0,0
1407827256.0,0,0,0,,,0,0,0,0,0
1922986108.0,20,1,1,2026-03-11,45.0,0,0,0,0,0
1841416179.0,0,0,0,,,0,0,0,0,0
1477972180.0,0,0,0,,,0,0,0,0,0
1295733319.0,314,1,1,2026-04-09,16.0,0,0,0,0,0
1295258473.0,1,1,1,2026-02-26,58.0,0,0,0,0,0
1093219362.0,0,0,0,,,0,0,0,0,0
1518218577.0,0,0,0,,,0,0,0,0,0
1689343360.0,175,1,1,2026-02-27,57.0,0,1,0,1,0
1063837532.0,41,1,1,2026-04-01,24.0,0,0,0,0,0
1841991049.0,2,1,1,2026-03-10,46.0,0,0,0,0,0
1023142395.0,0,0,0,,,0,0,0,0,0
1073004578.0,0,0,0,,,0,0,0,0,0
1902602253.0,0,0,0,,,0,0,0,0,0
1407852247.0,1,1,1,2026-01-15,100.0,0,0,0,0,0
1497453898.0,0,0,0,,,0,0,0,0,0
1356305940.0,0,0,0,,,0,0,0,0,0
1669105169.0,0,0,0,,,0,0,0,0,0
1407710338.0,0,0,0,,,0,0,0,0,0
1588007447.0,13,1,1,2026-04-02,23.0,0,0,0,0,0
1194451419.0,0,0,0,,,0,0,0,0,0
1295350312.0,0,0,0,,,0,0,0,0,0
1033562350.0,33,1,1,2026-03-11,45.0,0,0,0,0,0
1285768796.0,0,0,0,,,0,0,0,0,0
1811254386.0,11,1,1,2026-03-19,37.0,0,0,0,0,0
1548209497.0,0,0,0,,,0,0,0,0,0
1033127626.0,0,0,0,,,0,0,0,0,0
1023118106.0,0,0,0,,,0,0,0,0,0
1114418167.0,0,0,0,,,0,0,0,0,0
1417190554.0,0,0,0,,,0,0,0,0,0
1215479555.0,0,0,0,,,0,0,0,0,0
1053312629.0,0,0,0,,,0,0,0,0,0
1477711596.0,32,1,1,2026-04-03,22.0,0,0,0,0,0
1265243083.0,8,1,1,2026-02-15,69.0,0,0,0,0,0
1750624714.0,1,1,1,2026-01-23,92.0,0,0,0,0,0
1033520838.0,0,0,0,,,0,0,0,0,0
1356204549.0,6,1,1,2026-04-06,19.0,0,0,0,0,0
1578279576.0,9,1,1,2026-04-07,18.0,0,0,0,0,0
1033792338.0,0,0,0,,,0,0,0,0,0
1699166314.0,1622,1,1,2026-03-27,29.0,0,0,0,0,0
1235542051.0,184,1,1,2026-03-19,37.0,0,1,1,1,1
1023403854.0,0,0,0,,,0,0,0,0,0
1184234288.0,0,0,0,,,0,0,0,0,0
1821655150.0,0,0,0,,,0,0,0,0,0
1346580685.0,338,2,2,2026-04-07,18.0,0,0,0,0,0
1265865968.0,0,0,0,,,0,0,0,0,0
1043257751.0,0,0,0,,,0,0,0,0,0
1760444830.0,0,0,0,,,0,0,0,0,0
1467200030.0,460,1,1,2026-04-10,15.0,0,0,0,0,0
1144671157.0,0,0,0,,,0,0,0,0,0
1093704785.0,0,0,0,,,0,0,0,0,0
1134163215.0,1115,2,2,2026-03-30,26.0,0,0,0,0,0
1023215217.0,0,0,0,,,0,0,0,0,0
1073872073.0,0,0,0,,,0,0,0,0,0
1801091228.0,0,0,0,,,0,0,0,0,0
1285197079.0,0,0,0,,,0,0,0,0,0
1407613854.0,66,1,1,2026-04-06,19.0,0,0,0,0,0
1528238920.0,0,0,0,,,0,0,0,0,0
1407389893.0,0,0,0,,,0,0,0,0,0
1235515966.0,267,1,1,2026-03-27,29.0,0,0,0,0,0
1497484141.0,24,1,1,2026-04-09,16.0,0,0,0,0,0
1790374023.0,0,0,0,,,0,0,0,0,0
1669855003.0,0,0,0,,,0,0,0,0,0
1811359425.0,31,3,3,2026-03-10,46.0,0,0,0,0,0
1376962092.0,12,2,1,2026-03-24,32.0,0,0,0,0,0
1205962297.0,0,0,0,,,0,0,0,0,0
1801026356.0,1,1,1,2026-01-07,108.0,0,0,0,0,0
1710557442.0,1,1,1,2026-03-12,44.0,0,0,0,0,0
1346878535.0,0,0,0,,,0,0,0,0,0
1073234282.0,7,1,1,2026-03-03,53.0,0,0,0,0,0
1427728831.0,0,0,0,,,0,0,0,0,0
1336259712.0,0,0,0,,,0,0,0,0,0
1801802780.0,0,0,0,,,0,0,0,0,0
1881221539.0,461,1,1,2026-02-25,59.0,0,0,0,0,0
1487122941.0,92,1,1,2026-03-16,40.0,0,0,0,0,0
1831423128.0,0,0,0,,,0,0,0,0,0
1487245916.0,0,0,0,,,0,0,0,0,0
1881406494.0,144,2,2,2026-03-19,37.0,1,1,1,1,1
1053775205.0,0,0,0,,,0,0,0,0,0
1366789141.0,2796,1,1,2026-04-10,15.0,0,0,0,0,0
1922654094.0,0,0,0,,,0,0,0,0,0
1417990516.0,0,0,0,,,0,0,0,0,0
1043464704.0,0,0,0,,,0,0,0,0,0
1114916574.0,0,0,0,,,0,0,0,0,0
1972079655.0,0,0,0,,,0,0,0,0,0
1538735311.0,0,0,0,,,0,0,0,0,0
1043892326.0,0,0,0,,,0,0,0,0,0
1043576309.0,0,0,0,,,0,0,0,0,0
1023575404.0,0,0,0,,,0,0,0,0,0
1033509112.0,0,0,0,,,0,0,0,0,0
1033529466.0,0,0,0,,,0,0,0,0,0
1952992430.0,4,1,1,2026-02-09,75.0,0,0,0,0,0
1043249832.0,0,0,0,,,0,0,0,0,0
1093384588.0,0,0,0,,,0,0,0,0,0
1134259716.0,0,0,0,,,0,0,0,0,0
1043607971.0,0,0,0,,,0,0,0,0,0
1205949427.0,6,1,1,2026-03-19,37.0,0,0,0,0,0
1780959874.0,49,6,6,2026-04-03,22.0,0,1,0,1,0
1093772824.0,2186,21,21,2026-04-10,15.0,0,0,0,0,0
1063974590.0,91,14,14,2026-04-07,18.0,0,0,0,0,0
1568447860.0,843,14,14,2026-04-07,18.0,0,1,0,1,0
1982836045.0,23,5,5,2026-04-02,23.0,0,0,0,0,0
1922169663.0,417,7,6,2026-04-09,16.0,0,1,0,1,0
1518069020.0,67,13,13,2026-04-08,17.0,1,1,1,1,1
1417310020.0,58,7,7,2026-04-04,21.0,0,0,0,0,0
1073729521.0,76,7,7,2026-03-25,31.0,0,0,0,0,0
1962434308.0,918,15,13,2026-04-02,23.0,0,1,0,1,0
1851408876.0,903,22,22,2026-04-07,18.0,1,1,1,1,1
1851473730.0,60,4,4,2026-04-03,22.0,0,0,0,0,0
1093753410.0,2485,26,26,2026-04-09,16.0,0,0,0,0,0
1225210016.0,795,28,27,2026-04-09,16.0,0,1,0,1,0
1750538096.0,36,5,5,2026-04-03,22.0,0,1,0,1,0
1528389178.0,879,15,15,2026-04-08,17.0,0,0,0,0,0
1699017376.0,59,13,13,2026-04-09,16.0,0,0,0,0,0
1194096248.0,613,6,6,2026-04-02,23.0,0,0,0,0,0
1295948123.0,341,6,6,2026-03-31,25.0,0,0,0,0,0
1699119198.0,360,6,5,2026-03-30,26.0,0,0,0,0,0
1083059323.0,717,10,10,2026-03-31,25.0,0,0,0,0,0
1720511272.0,214,8,8,2026-03-31,25.0,0,0,0,0,0
1780647487.0,1316,9,9,2026-04-07,18.0,0,1,1,1,1
1003822347.0,505,13,12,2026-04-08,17.0,0,0,0,0,0
1154443521.0,97,13,13,2026-04-07,18.0,0,0,0,0,0
1275064990.0,1351,12,12,2026-04-09,16.0,1,1,0,1,0
1871571273.0,23,6,6,2026-04-02,23.0,0,0,0,0,0
1902005622.0,41418,12,11,2026-03-26,30.0,0,1,1,1,1
1588701510.0,740,11,11,2026-04-08,17.0,0,0,0,0,0
1407099658.0,2,2,2,2026-03-10,46.0,0,1,0,1,0
1083708085.0,350,15,15,2026-04-08,17.0,0,0,0,0,0
1144929647.0,686,6,6,2026-03-19,37.0,0,0,0,0,0
1215554803.0,853,3,3,2026-04-08,17.0,0,0,0,0,0
1003312232.0,2453,4,4,2026-04-09,16.0,0,0,0,0,0
1710274147.0,602,12,10,2026-04-10,15.0,0,1,0,1,0
1720170020.0,14,6,6,2026-04-01,24.0,0,0,0,0,0
1194773135.0,1109,16,16,2026-04-09,16.0,0,0,0,0,0
1528255890.0,11,6,6,2026-03-26,30.0,0,0,0,0,0
1871856948.0,574,6,6,2026-04-01,24.0,0,1,0,1,0
1326161316.0,361,2,2,2026-04-08,17.0,0,0,0,0,0
1164106308.0,347,7,6,2026-03-27,29.0,0,0,0,0,0
1386744910.0,173,6,6,2026-04-09,16.0,0,1,0,1,0
1609954262.0,5,2,2,2026-03-31,25.0,0,0,0,0,0
1952050403.0,45,5,5,2026-04-07,18.0,0,1,1,1,1
1376973354.0,113,5,5,2026-03-20,36.0,0,0,0,0,0
1952780256.0,29,9,9,2026-04-06,19.0,1,1,1,1,1
1639836174.0,23,6,6,2026-02-25,59.0,0,0,0,0,0
1902852254.0,1088,5,5,2026-04-09,16.0,0,0,0,0,0
1023006798.0,132,4,4,2026-04-06,19.0,0,0,0,0,0
1639974652.0,49,2,2,2026-03-09,47.0,0,0,0,0,0
1568606218.0,384,7,7,2026-04-03,22.0,0,0,0,0,0
1811157084.0,61,5,5,2026-04-01,24.0,0,0,0,0,0
1194429829.0,75,3,3,2026-03-16,40.0,0,0,0,0,0
1972050961.0,28,4,4,2026-04-09,16.0,0,1,0,1,0
1811176332.0,12,3,3,2026-03-08,48.0,0,0,0,0,0
1922363217.0,585,2,2,2026-04-06,19.0,0,0,0,0,0
1932821808.0,761,4,4,2026-04-09,16.0,0,1,1,1,1
1891711636.0,72,9,9,2026-03-28,28.0,0,1,0,1,0
1184841710.0,44,6,6,2026-04-02,23.0,0,0,0,0,0
1629279864.0,928,6,5,2026-04-07,18.0,0,0,0,0,0
1740755446.0,214,2,2,2026-04-03,22.0,0,0,0,0,0
1780770487.0,765,4,4,2026-04-06,19.0,0,0,0,0,0
1790308476.0,69,6,6,2026-03-30,26.0,0,0,0,0,0
1104222389.0,183,6,6,2026-03-27,29.0,0,0,0,0,0
1376358630.0,46,4,4,2026-04-08,17.0,0,0,0,0,0
1104040690.0,4,4,4,2026-04-07,18.0,0,0,0,0,0
1235441429.0,376,4,4,2026-03-26,30.0,0,0,0,0,0
1477645315.0,4791,6,6,2026-04-07,18.0,1,1,1,1,1
1528046463.0,180,9,9,2026-04-01,24.0,0,0,0,0,0
1003054966.0,36,3,3,2026-03-30,26.0,0,0,0,0,0
1942213103.0,143,13,13,2026-04-10,15.0,0,1,0,1,0
1689885279.0,3938,4,4,2026-04-08,17.0,0,1,1,1,1
1033561758.0,11,3,3,2026-04-04,21.0,0,0,0,0,0
1023206315.0,546,7,7,2026-03-30,26.0,0,0,0,0,0
1013275528.0,15806,2,2,2026-03-27,29.0,0,1,1,1,1
1356391312.0,2,2,2,2026-03-13,43.0,0,0,0,0,0
1629400635.0,474,3,3,2026-03-31,25.0,0,0,0,0,0
1235659558.0,2,2,2,2026-03-18,38.0,0,0,0,0,0
1386239747.0,92,2,2,2026-04-08,17.0,0,0,0,0,0
1144532805.0,30,4,4,2026-03-18,38.0,0,0,0,0,0
1477905230.0,5,4,4,2026-03-16,40.0,0,0,0,0,0
1972578417.0,105,4,3,2026-01-22,93.0,1,1,1,1,1
1538308986.0,413,7,7,2026-04-06,19.0,0,0,0,0,0
1003874397.0,606,4,4,2026-03-18,38.0,0,0,0,0,0
1396210092.0,622,4,4,2026-04-09,16.0,0,0,0,0,0
1316365836.0,616,2,2,2026-04-06,19.0,0,1,0,1,0
1548687718.0,96,3,3,2026-03-21,35.0,0,0,0,0,0
1932137106.0,530,5,5,2026-04-01,24.0,0,0,0,0,0
1518540053.0,198,3,3,2026-04-02,23.0,0,0,0,0,0
1922058148.0,18,3,3,2026-04-02,23.0,0,0,0,0,0
1437557824.0,634,5,3,2026-04-09,16.0,0,0,0,0,0
1730193814.0,302,2,2,2026-04-06,19.0,0,1,1,1,1
1265657134.0,376,2,2,2026-04-03,22.0,0,1,0,1,0
1083053052.0,236,2,2,2026-04-05,20.0,0,0,0,0,0
1629034517.0,1204,3,2,2026-03-30,26.0,0,1,1,1,1
1629602511.0,11,3,3,2026-03-28,28.0,0,0,0,0,0
1568821858.0,9,2,2,2026-03-18,38.0,0,1,0,1,0
